-- phpMyAdmin SQL Dump
-- version 5.2.1
-- https://www.phpmyadmin.net/
--
-- Hôte : localhost:8889
-- Généré le : sam. 10 mai 2025 à 17:00
-- Version du serveur : 8.0.35
-- Version de PHP : 8.3.9

SET SQL_MODE = "NO_AUTO_VALUE_ON_ZERO";
START TRANSACTION;
SET time_zone = "+00:00";


/*!40101 SET @OLD_CHARACTER_SET_CLIENT=@@CHARACTER_SET_CLIENT */;
/*!40101 SET @OLD_CHARACTER_SET_RESULTS=@@CHARACTER_SET_RESULTS */;
/*!40101 SET @OLD_COLLATION_CONNECTION=@@COLLATION_CONNECTION */;
/*!40101 SET NAMES utf8mb4 */;

--
-- Base de données : `ppe_leger`
--

DELIMITER $$
--
-- Procédures
--
CREATE DEFINER=`root`@`localhost` PROCEDURE `pInsertLivre` (IN `in_nomLivre` VARCHAR(255), IN `in_auteurLivre` VARCHAR(255), IN `in_imageLivre` VARCHAR(255), IN `in_exemplaireLivre` INT, IN `in_prixLivre` DECIMAL(10,2), IN `in_nomCategorie` VARCHAR(255), IN `in_nomMaisonEdition` VARCHAR(255), IN `in_nomPromotion` VARCHAR(255))   BEGIN
    DECLARE p_idCategorie INT;
    DECLARE p_idMaisonEdition INT;
    DECLARE p_idPromotion INT;

    SELECT idCategorie INTO p_idCategorie
    FROM categorie
    WHERE nomCategorie = in_nomCategorie;
    
    SELECT idMaisonEdition INTO p_idMaisonEdition
    FROM maisonEdition
    WHERE nomMaisonEdition = in_nomMaisonEdition;
    
    SELECT idPromotion INTO p_idPromotion
    FROM promotion
    WHERE nomPromotion = in_nomPromotion;

    INSERT INTO livre (idLivre, nomLivre, auteurLivre, imageLivre, exemplaireLivre, prixLivre, idCategorie, idMaisonEdition, idPromotion)
    VALUES (null, in_nomLivre, in_auteurLivre, in_imageLivre, in_exemplaireLivre, in_prixLivre, p_idCategorie, p_idMaisonEdition, p_idPromotion);
END$$

CREATE DEFINER=`root`@`localhost` PROCEDURE `pInsertOrUpdateLigneCommande` (IN `in_idCommande` INT, IN `in_idLivre` INT, IN `in_quantiteLigneCommande` INT)   BEGIN
    DECLARE p_idLigneCommande INT;
    DECLARE p_quantiteLigneCommande INT;

    SELECT lc.idLigneCommande, lc.quantiteLigneCommande
    INTO p_idLigneCommande, p_quantiteLigneCommande
    FROM ligneCommande lc
    INNER JOIN commande c ON lc.idCommande = c.idCommande
    WHERE lc.idLivre = in_idLivre
      AND c.idUser = (SELECT idUser FROM commande WHERE idCommande = in_idCommande LIMIT 1)
      AND c.statutCommande = 'en attente'
    LIMIT 1;

    IF p_idLigneCommande IS NOT NULL THEN
        UPDATE ligneCommande
        SET quantiteLigneCommande = quantiteLigneCommande + in_quantiteLigneCommande
        WHERE idLigneCommande = p_idLigneCommande;

        SIGNAL SQLSTATE '45000'
        SET MESSAGE_TEXT = 'TEXT 1';
    ELSE
        INSERT INTO ligneCommande
        VALUES (null, in_idCommande, in_idLivre, in_quantiteLigneCommande);

         SIGNAL SQLSTATE '45000'
         SET MESSAGE_TEXT = 'TEXT 2';
    END IF;
END$$

CREATE DEFINER=`root`@`localhost` PROCEDURE `pOffrirLivre` (IN `in_idUser` INT, IN `in_chiffre` INT)   proc: BEGIN
    DECLARE p_idCommande INT;
    DECLARE p_idLivre INT;
    DECLARE p_abonne_valide BOOLEAN DEFAULT FALSE;

    SELECT COUNT(*) > 0 INTO p_abonne_valide
    FROM abonnement
    WHERE idUser = in_idUser AND dateFinAbonnement > CURDATE();

    IF NOT p_abonne_valide THEN
        LEAVE proc;
    END IF;

    IF in_chiffre = 5 THEN
        SELECT idCommande INTO p_idCommande
        FROM commande
        WHERE idUser = in_idUser AND statutCommande = 'en attente'
        ORDER BY dateCommande DESC
        LIMIT 1;

        IF p_idCommande IS NOT NULL THEN
            SELECT idLivre INTO p_idLivre
            FROM (
                SELECT 9 AS idLivre UNION ALL
                SELECT 10 UNION ALL
                SELECT 11 UNION ALL
                SELECT 12
            ) AS livres
            ORDER BY RAND()
            LIMIT 1;

            INSERT INTO ligneCommande
            VALUES (null, p_idCommande, p_idLivre, 1);

            SIGNAL SQLSTATE '45000'
            SET MESSAGE_TEXT = 'Un livre vous a été offert dans votre panier actuel !';
        END IF;
    END IF;
END$$

DELIMITER ;

-- --------------------------------------------------------

--
-- Structure de la table `abonnement`
--

CREATE TABLE `abonnement` (
  `idAbonnement` int NOT NULL,
  `idUser` int NOT NULL,
  `dateDebutAbonnement` date NOT NULL,
  `dateFinAbonnement` date DEFAULT NULL,
  `pointAbonnement` int NOT NULL
) ENGINE=InnoDB DEFAULT CHARSET=utf8mb4 COLLATE=utf8mb4_0900_ai_ci;

--
-- Déchargement des données de la table `abonnement`
--

INSERT INTO `abonnement` (`idAbonnement`, `idUser`, `dateDebutAbonnement`, `dateFinAbonnement`, `pointAbonnement`) VALUES
(1, 1, '2025-01-01', '2025-12-31', 100),
(2, 2, '2025-02-01', '2025-12-31', 150),
(3, 3, '2025-03-01', '2025-09-30', 80),
(4, 4, '2025-04-01', '2025-10-01', 120),
(5, 5, '2025-01-15', '2025-12-31', 200),
(6, 6, '2025-02-15', '2025-08-15', 60),
(7, 7, '2025-03-10', '2025-09-10', 90),
(8, 8, '2025-04-05', '2025-10-05', 110),
(9, 9, '2025-01-20', '2025-07-20', 130),
(10, 10, '2025-02-20', '2025-08-20', 140),
(11, 11, '2025-03-15', '2025-09-15', 160),
(12, 12, '2025-04-10', '2025-10-10', 170),
(13, 13, '2025-01-30', '2025-07-30', 50),
(14, 14, '2025-02-10', '2025-08-10', 180),
(15, 15, '2025-03-20', '2025-09-20', 75);

-- --------------------------------------------------------

--
-- Structure de la table `admin`
--

CREATE TABLE `admin` (
  `idAdmin` int NOT NULL,
  `idUser` int DEFAULT NULL,
  `niveauAdmin` enum('principal','gestionnaire') CHARACTER SET utf8mb4 COLLATE utf8mb4_0900_ai_ci NOT NULL
) ENGINE=InnoDB DEFAULT CHARSET=utf8mb4 COLLATE=utf8mb4_0900_ai_ci;

--
-- Déchargement des données de la table `admin`
--

INSERT INTO `admin` (`idAdmin`, `idUser`, `niveauAdmin`) VALUES
(1, 1, 'principal'),
(2, 2, 'gestionnaire');

-- --------------------------------------------------------

--
-- Structure de la table `archiveCommande`
--

CREATE TABLE `archiveCommande` (
  `idCommande` int NOT NULL,
  `dateCommande` datetime DEFAULT NULL,
  `statutCommande` varchar(50) DEFAULT NULL,
  `dateLivraisonCommande` datetime DEFAULT NULL,
  `idUser` int DEFAULT NULL,
  `date_archivage` datetime NOT NULL DEFAULT CURRENT_TIMESTAMP
) ENGINE=InnoDB DEFAULT CHARSET=utf8mb4 COLLATE=utf8mb4_0900_ai_ci COMMENT='Archive des commandes';

--
-- Déchargement des données de la table `archiveCommande`
--

INSERT INTO `archiveCommande` (`idCommande`, `dateCommande`, `statutCommande`, `dateLivraisonCommande`, `idUser`, `date_archivage`) VALUES
(351, '2025-01-29 00:00:00', 'arrivée', '2025-02-05 00:00:00', 2, '2025-05-10 18:32:36'),
(352, '2025-01-29 00:00:00', 'arrivée', '2025-02-05 00:00:00', 2, '2025-05-10 18:32:36'),
(353, '2025-01-29 00:00:00', 'arrivée', '2025-02-05 00:00:00', 2, '2025-05-10 18:32:36'),
(354, '2025-01-29 00:00:00', 'arrivée', '2025-02-05 00:00:00', 2, '2025-05-10 18:32:36'),
(355, '2025-01-29 00:00:00', 'arrivée', '2025-02-05 00:00:00', 2, '2025-05-10 18:32:36'),
(356, '2025-01-29 00:00:00', 'arrivée', '2025-02-05 00:00:00', 2, '2025-05-10 18:32:36'),
(357, '2025-01-29 00:00:00', 'arrivée', '2025-02-05 00:00:00', 2, '2025-05-10 18:32:36'),
(358, '2025-01-29 00:00:00', 'arrivée', '2025-02-05 00:00:00', 2, '2025-05-10 18:32:36'),
(359, '2025-01-29 00:00:00', 'arrivée', '2025-02-05 00:00:00', 2, '2025-05-10 18:32:36'),
(360, '2025-01-29 00:00:00', 'arrivée', '2025-02-05 00:00:00', 2, '2025-05-10 18:32:36'),
(361, '2025-01-29 00:00:00', 'arrivée', '2025-02-05 00:00:00', 2, '2025-05-10 18:32:36'),
(362, '2025-01-29 00:00:00', 'arrivée', '2025-02-05 00:00:00', 2, '2025-05-10 18:32:36'),
(363, '2025-01-29 00:00:00', 'arrivée', '2025-02-05 00:00:00', 2, '2025-05-10 18:32:36'),
(364, '2025-01-29 00:00:00', 'arrivée', '2025-02-05 00:00:00', 15, '2025-05-10 18:32:36'),
(365, '2025-01-29 00:00:00', 'arrivée', '2025-02-05 00:00:00', 15, '2025-05-10 18:32:36'),
(366, '2025-01-29 00:00:00', 'arrivée', '2025-02-05 00:00:00', 15, '2025-05-10 18:32:36'),
(367, '2025-01-29 00:00:00', 'arrivée', '2025-02-05 00:00:00', 15, '2025-05-10 18:32:36'),
(368, '2025-01-29 00:00:00', 'arrivée', '2025-02-05 00:00:00', 15, '2025-05-10 18:32:36'),
(369, '2025-01-29 00:00:00', 'arrivée', '2025-02-05 00:00:00', 15, '2025-05-10 18:32:36'),
(370, '2025-01-29 00:00:00', 'arrivée', '2025-02-05 00:00:00', 15, '2025-05-10 18:32:36'),
(371, '2025-01-29 00:00:00', 'arrivée', '2025-02-05 00:00:00', 15, '2025-05-10 18:32:36'),
(372, '2025-01-29 00:00:00', 'arrivée', '2025-02-05 00:00:00', 2, '2025-05-10 18:32:36'),
(373, '2025-01-29 00:00:00', 'arrivée', '2025-02-05 00:00:00', 2, '2025-05-10 18:32:36'),
(374, '2025-01-29 00:00:00', 'arrivée', '2025-02-05 00:00:00', 2, '2025-05-10 18:32:36'),
(375, '2025-01-29 00:00:00', 'arrivée', '2025-02-05 00:00:00', 15, '2025-05-10 18:32:36'),
(376, '2025-01-29 00:00:00', 'arrivée', '2025-02-05 00:00:00', 15, '2025-05-10 18:32:36'),
(377, '2025-01-29 00:00:00', 'arrivée', '2025-02-05 00:00:00', 15, '2025-05-10 18:32:36'),
(378, '2025-01-29 00:00:00', 'arrivée', '2025-02-05 00:00:00', 15, '2025-05-10 18:32:36'),
(379, '2025-01-29 00:00:00', 'arrivée', '2025-02-05 00:00:00', 15, '2025-05-10 18:32:36'),
(380, '2025-01-29 00:00:00', 'arrivée', '2025-02-05 00:00:00', 15, '2025-05-10 18:32:36'),
(381, '2025-01-29 00:00:00', 'arrivée', '2025-02-05 00:00:00', 15, '2025-05-10 18:32:36'),
(382, '2025-01-29 00:00:00', 'arrivée', '2025-02-05 00:00:00', 15, '2025-05-10 18:32:36'),
(383, '2025-01-29 00:00:00', 'arrivée', '2025-02-05 00:00:00', 24, '2025-05-10 18:32:36'),
(384, '2025-01-29 00:00:00', 'arrivée', '2025-02-05 00:00:00', 24, '2025-05-10 18:32:36'),
(385, '2025-01-29 00:00:00', 'arrivée', '2025-02-05 00:00:00', 24, '2025-05-10 18:32:36'),
(386, '2025-01-29 00:00:00', 'arrivée', '2025-02-05 00:00:00', 24, '2025-05-10 18:32:36'),
(387, '2025-01-29 00:00:00', 'arrivée', '2025-02-05 00:00:00', 24, '2025-05-10 18:32:36'),
(388, '2025-01-29 00:00:00', 'arrivée', '2025-02-05 00:00:00', 24, '2025-05-10 18:32:36'),
(389, '2025-01-29 00:00:00', 'arrivée', '2025-02-05 00:00:00', 24, '2025-05-10 18:32:36'),
(390, '2025-01-29 00:00:00', 'arrivée', '2025-02-05 00:00:00', 24, '2025-05-10 18:32:36'),
(391, '2025-01-29 00:00:00', 'arrivée', '2025-02-05 00:00:00', 24, '2025-05-10 18:32:36'),
(392, '2025-01-29 00:00:00', 'arrivée', '2025-02-05 00:00:00', 24, '2025-05-10 18:32:36'),
(393, '2025-01-29 00:00:00', 'arrivée', '2025-02-05 00:00:00', 24, '2025-05-10 18:32:36'),
(395, '2025-01-29 00:00:00', 'arrivée', '2025-02-05 00:00:00', 24, '2025-05-10 18:32:36'),
(396, '2025-01-29 00:00:00', 'arrivée', '2025-02-05 00:00:00', 24, '2025-05-10 18:32:36'),
(397, '2025-01-29 00:00:00', 'arrivée', '2025-02-05 00:00:00', 24, '2025-05-10 18:32:36'),
(398, '2025-01-29 00:00:00', 'arrivée', '2025-02-05 00:00:00', 24, '2025-05-10 18:32:36'),
(399, '2025-01-29 00:00:00', 'arrivée', '2025-02-05 00:00:00', 24, '2025-05-10 18:32:36'),
(400, '2025-01-29 00:00:00', 'arrivée', '2025-02-05 00:00:00', 24, '2025-05-10 18:32:36'),
(401, '2025-01-29 00:00:00', 'arrivée', '2025-02-05 00:00:00', 24, '2025-05-10 18:32:36'),
(402, '2025-01-29 00:00:00', 'arrivée', '2025-02-05 00:00:00', 24, '2025-05-10 18:32:36'),
(403, '2025-01-29 00:00:00', 'arrivée', '2025-02-05 00:00:00', 24, '2025-05-10 18:32:36'),
(404, '2025-01-29 00:00:00', 'arrivée', '2025-02-05 00:00:00', 24, '2025-05-10 18:32:36'),
(405, '2025-01-29 00:00:00', 'arrivée', '2025-02-05 00:00:00', 24, '2025-05-10 18:32:36'),
(406, '2025-01-30 00:00:00', 'arrivée', '2025-02-06 00:00:00', 2, '2025-05-10 18:32:36'),
(407, '2025-01-30 00:00:00', 'arrivée', '2025-02-06 00:00:00', 2, '2025-05-10 18:32:36'),
(408, '2025-01-30 00:00:00', 'arrivée', '2025-02-06 00:00:00', 2, '2025-05-10 18:32:36'),
(409, '2025-01-30 00:00:00', 'arrivée', '2025-02-06 00:00:00', 15, '2025-05-10 18:32:36'),
(410, '2025-01-30 00:00:00', 'arrivée', '2025-02-06 00:00:00', 15, '2025-05-10 18:32:36'),
(411, '2025-01-30 00:00:00', 'arrivée', '2025-02-06 00:00:00', 15, '2025-05-10 18:32:36'),
(412, '2025-01-30 00:00:00', 'arrivée', '2025-02-06 00:00:00', 15, '2025-05-10 18:32:36'),
(413, '2025-01-30 00:00:00', 'arrivée', '2025-02-06 00:00:00', 15, '2025-05-10 18:32:36'),
(414, '2025-01-30 00:00:00', 'arrivée', '2025-02-06 00:00:00', 15, '2025-05-10 18:32:36'),
(415, '2025-01-30 00:00:00', 'arrivée', '2025-02-06 00:00:00', 15, '2025-05-10 18:32:36'),
(417, '2025-02-02 00:00:00', 'arrivée', '2025-02-09 00:00:00', 15, '2025-05-10 18:32:36'),
(418, '2025-02-02 00:00:00', 'arrivée', '2025-02-09 00:00:00', 15, '2025-05-10 18:32:36'),
(419, '2025-02-02 00:00:00', 'arrivée', '2025-02-09 00:00:00', 15, '2025-05-10 18:32:36'),
(420, '2025-02-02 00:00:00', 'arrivée', '2025-02-09 00:00:00', 15, '2025-05-10 18:32:36'),
(421, '2025-02-02 00:00:00', 'arrivée', '2025-02-09 00:00:00', 15, '2025-05-10 18:32:36'),
(422, '2025-02-02 00:00:00', 'arrivée', '2025-02-09 00:00:00', 15, '2025-05-10 18:32:36'),
(423, '2025-02-02 00:00:00', 'arrivée', '2025-02-09 00:00:00', 15, '2025-05-10 18:32:36'),
(424, '2025-02-02 00:00:00', 'arrivée', '2025-02-09 00:00:00', 15, '2025-05-10 18:32:36'),
(425, '2025-02-02 00:00:00', 'arrivée', '2025-02-09 00:00:00', 24, '2025-05-10 18:32:36'),
(426, '2025-02-02 00:00:00', 'arrivée', '2025-02-09 00:00:00', 24, '2025-05-10 18:32:36'),
(427, '2025-02-02 00:00:00', 'arrivée', '2025-02-09 00:00:00', 2, '2025-05-10 18:32:36'),
(428, '2025-02-02 00:00:00', 'arrivée', '2025-02-09 00:00:00', 15, '2025-05-10 18:32:36'),
(429, '2025-02-02 00:00:00', 'arrivée', '2025-02-09 00:00:00', 15, '2025-05-10 18:32:36'),
(430, '2025-02-02 00:00:00', 'arrivée', '2025-02-09 00:00:00', 15, '2025-05-10 18:32:36'),
(431, '2025-02-02 00:00:00', 'arrivée', '2025-02-09 00:00:00', 15, '2025-05-10 18:32:36'),
(432, '2025-02-02 00:00:00', 'arrivée', '2025-02-09 00:00:00', 15, '2025-05-10 18:32:36'),
(433, '2025-02-02 00:00:00', 'arrivée', '2025-02-09 00:00:00', 15, '2025-05-10 18:32:36'),
(434, '2025-02-02 00:00:00', 'arrivée', '2025-02-09 00:00:00', 15, '2025-05-10 18:32:36'),
(435, '2025-02-02 00:00:00', 'arrivée', '2025-02-09 00:00:00', 15, '2025-05-10 18:32:36'),
(436, '2025-02-02 00:00:00', 'arrivée', '2025-02-09 00:00:00', 15, '2025-05-10 18:32:36'),
(437, '2025-02-02 00:00:00', 'arrivée', '2025-02-09 00:00:00', 15, '2025-05-10 18:32:36'),
(438, '2025-02-02 00:00:00', 'arrivée', '2025-02-09 00:00:00', 15, '2025-05-10 18:32:36'),
(439, '2025-02-02 00:00:00', 'arrivée', '2025-02-09 00:00:00', 15, '2025-05-10 18:32:36'),
(440, '2025-02-02 00:00:00', 'arrivée', '2025-02-09 00:00:00', 15, '2025-05-10 18:32:36'),
(441, '2025-02-02 00:00:00', 'arrivée', '2025-02-09 00:00:00', 15, '2025-05-10 18:32:36'),
(442, '2025-02-02 00:00:00', 'arrivée', '2025-02-09 00:00:00', 15, '2025-05-10 18:32:36'),
(443, '2025-02-02 00:00:00', 'arrivée', '2025-02-09 00:00:00', 15, '2025-05-10 18:32:36'),
(444, '2025-02-02 00:00:00', 'arrivée', '2025-02-09 00:00:00', 15, '2025-05-10 18:32:36'),
(445, '2025-02-02 00:00:00', 'arrivée', '2025-02-09 00:00:00', 15, '2025-05-10 18:32:36'),
(446, '2025-02-02 00:00:00', 'arrivée', '2025-02-09 00:00:00', 15, '2025-05-10 18:32:36'),
(447, '2025-02-02 00:00:00', 'arrivée', '2025-02-09 00:00:00', 15, '2025-05-10 18:32:36'),
(448, '2025-02-02 00:00:00', 'arrivée', '2025-02-09 00:00:00', 15, '2025-05-10 18:32:36'),
(449, '2025-02-02 00:00:00', 'arrivée', '2025-02-09 00:00:00', 15, '2025-05-10 18:32:36'),
(450, '2025-02-02 00:00:00', 'arrivée', '2025-02-09 00:00:00', 15, '2025-05-10 18:32:36'),
(452, '2025-02-03 00:00:00', 'arrivée', '2025-02-10 00:00:00', 15, '2025-05-10 18:32:36'),
(453, '2025-02-03 00:00:00', 'arrivée', '2025-02-10 00:00:00', 15, '2025-05-10 18:32:36'),
(454, '2025-02-03 00:00:00', 'arrivée', '2025-02-10 00:00:00', 15, '2025-05-10 18:32:36'),
(455, '2025-02-03 00:00:00', 'arrivée', '2025-02-10 00:00:00', 15, '2025-05-10 18:32:36'),
(457, '2002-09-09 00:00:00', 'en attente', '2002-12-12 00:00:00', 40, '2025-04-19 20:10:36'),
(462, '2025-04-24 00:00:00', 'arrivée', '2025-05-01 00:00:00', 37, '2025-05-10 18:32:36'),
(463, '2025-04-25 00:00:00', 'en attente', '2025-05-02 00:00:00', 2, '2025-05-10 18:32:36'),
(465, '2025-04-26 00:00:00', 'arrivée', '2025-05-03 00:00:00', 37, '2025-05-10 18:32:36'),
(466, '2025-04-26 00:00:00', 'arrivée', '2025-05-03 00:00:00', 37, '2025-05-10 18:32:36'),
(467, '2025-04-26 00:00:00', 'arrivée', '2025-05-03 00:00:00', 37, '2025-05-10 18:32:36'),
(468, '2025-04-26 00:00:00', 'arrivée', '2025-05-03 00:00:00', 37, '2025-05-10 18:32:36'),
(469, '2025-04-26 00:00:00', 'arrivée', '2025-05-03 00:00:00', 37, '2025-05-10 18:32:36'),
(470, '2025-04-26 00:00:00', 'arrivée', '2025-05-03 00:00:00', 37, '2025-05-10 18:32:36'),
(471, '2025-04-26 00:00:00', 'arrivée', '2025-05-03 00:00:00', 37, '2025-05-10 18:32:36'),
(472, '2025-04-26 00:00:00', 'arrivée', '2025-05-03 00:00:00', 37, '2025-05-10 18:32:36'),
(473, '2025-04-26 00:00:00', 'arrivée', '2025-05-03 00:00:00', 37, '2025-05-10 18:32:36'),
(474, '2025-04-26 00:00:00', 'arrivée', '2025-05-03 00:00:00', 37, '2025-05-10 18:32:36'),
(475, '2025-04-26 00:00:00', 'arrivée', '2025-05-03 00:00:00', 37, '2025-05-10 18:32:36'),
(476, '2025-04-26 00:00:00', 'arrivée', '2025-05-03 00:00:00', 37, '2025-05-10 18:32:36'),
(477, '2025-04-26 00:00:00', 'arrivée', '2025-05-03 00:00:00', 37, '2025-05-10 18:32:36'),
(478, '2025-04-26 00:00:00', 'arrivée', '2025-05-03 00:00:00', 37, '2025-05-10 18:32:36'),
(479, '2025-04-26 00:00:00', 'arrivée', '2025-05-03 00:00:00', 37, '2025-05-10 18:32:36'),
(480, '2025-04-26 00:00:00', 'arrivée', '2025-05-03 00:00:00', 37, '2025-05-10 18:32:36'),
(481, '2025-04-26 00:00:00', 'arrivée', '2025-05-03 00:00:00', 37, '2025-05-10 18:32:36'),
(482, '2025-04-26 00:00:00', 'arrivée', '2025-05-03 00:00:00', 37, '2025-05-10 18:32:36'),
(483, '2025-04-26 00:00:00', 'arrivée', '2025-05-03 00:00:00', 37, '2025-05-10 18:32:36'),
(484, '2025-04-27 00:00:00', 'arrivée', '2025-05-04 00:00:00', 37, '2025-05-10 18:32:36'),
(485, '2025-05-01 00:00:00', 'arrivée', '2025-05-08 00:00:00', 37, '2025-05-10 18:32:36'),
(486, '2025-05-01 00:00:00', 'arrivée', '2025-05-08 00:00:00', 37, '2025-05-10 18:32:36'),
(487, '2025-05-01 00:00:00', 'arrivée', '2025-05-08 00:00:00', 37, '2025-05-10 18:32:36'),
(488, '2025-05-01 00:00:00', 'arrivée', '2025-05-08 00:00:00', 37, '2025-05-10 18:32:36'),
(489, '2025-05-01 00:00:00', 'arrivée', '2025-05-08 00:00:00', 37, '2025-05-10 18:32:36'),
(490, '2025-05-01 00:00:00', 'arrivée', '2025-05-08 00:00:00', 37, '2025-05-10 18:32:36'),
(491, '2025-05-01 00:00:00', 'arrivée', '2025-05-08 00:00:00', 37, '2025-05-10 18:32:36'),
(492, '2025-05-01 00:00:00', 'arrivée', '2025-05-08 00:00:00', 37, '2025-05-10 18:32:36'),
(493, '2025-05-01 00:00:00', 'arrivée', '2025-05-08 00:00:00', 37, '2025-05-10 18:32:36'),
(494, '2025-05-01 00:00:00', 'arrivée', '2025-05-08 00:00:00', 37, '2025-05-10 18:32:36'),
(495, '2025-05-01 00:00:00', 'arrivée', '2025-05-08 00:00:00', 37, '2025-05-10 18:32:36'),
(496, '2025-05-01 00:00:00', 'arrivée', '2025-05-08 00:00:00', 37, '2025-05-10 18:32:36'),
(497, '2025-05-01 00:00:00', 'arrivée', '2025-05-08 00:00:00', 37, '2025-05-10 18:32:36'),
(498, '2025-05-01 00:00:00', 'arrivée', '2025-05-08 00:00:00', 37, '2025-05-10 18:32:36'),
(499, '2025-05-01 00:00:00', 'arrivée', '2025-05-08 00:00:00', 37, '2025-05-10 18:32:36'),
(500, '2025-05-01 00:00:00', 'arrivée', '2025-05-08 00:00:00', 37, '2025-05-10 18:32:36'),
(501, '2025-05-01 00:00:00', 'arrivée', '2025-05-08 00:00:00', 37, '2025-05-10 18:32:36'),
(502, '2025-05-01 00:00:00', 'arrivée', '2025-05-08 00:00:00', 37, '2025-05-10 18:32:36'),
(503, '2025-05-01 00:00:00', 'arrivée', '2025-05-08 00:00:00', 37, '2025-05-10 18:32:36'),
(504, '2025-05-01 00:00:00', 'arrivée', '2025-05-08 00:00:00', 37, '2025-05-10 18:32:36'),
(505, '2025-05-01 00:00:00', 'arrivée', '2025-05-08 00:00:00', 37, '2025-05-10 18:32:36'),
(506, '2025-05-01 00:00:00', 'arrivée', '2025-05-08 00:00:00', 37, '2025-05-10 18:32:36'),
(507, '2025-05-01 00:00:00', 'arrivée', '2025-05-08 00:00:00', 37, '2025-05-10 18:32:36'),
(508, '2025-05-01 00:00:00', 'arrivée', '2025-05-08 00:00:00', 37, '2025-05-10 18:32:36'),
(509, '2025-05-01 00:00:00', 'arrivée', '2025-05-08 00:00:00', 37, '2025-05-10 18:32:36'),
(510, '2025-05-01 00:00:00', 'arrivée', '2025-05-08 00:00:00', 37, '2025-05-10 18:32:36'),
(511, '2025-05-01 00:00:00', 'arrivée', '2025-05-08 00:00:00', 37, '2025-05-10 18:32:36'),
(512, '2025-05-01 00:00:00', 'arrivée', '2025-05-08 00:00:00', 37, '2025-05-10 18:32:36'),
(513, '2025-05-01 00:00:00', 'arrivée', '2025-05-08 00:00:00', 37, '2025-05-10 18:32:36'),
(514, '2025-05-01 00:00:00', 'arrivée', '2025-05-08 00:00:00', 37, '2025-05-10 18:32:36'),
(515, '2025-05-03 00:00:00', 'expédiée', '2025-05-10 00:00:00', 37, '2025-05-10 18:32:36'),
(516, '2025-05-03 00:00:00', 'expédiée', '2025-05-10 00:00:00', 63, '2025-05-03 16:27:39'),
(517, '2025-05-03 00:00:00', 'expédiée', '2025-05-10 00:00:00', 68, '2025-05-03 17:29:44'),
(518, '2025-05-03 00:00:00', 'expédiée', '2025-05-10 00:00:00', 68, '2025-05-03 17:29:44'),
(519, '2025-05-03 00:00:00', 'expédiée', '2025-05-10 00:00:00', 37, '2025-05-10 18:32:36'),
(520, '2025-05-03 00:00:00', 'expédiée', '2025-05-10 00:00:00', 37, '2025-05-10 18:32:36'),
(522, '2025-05-09 00:00:00', 'expédiée', '2025-05-16 00:00:00', 37, '2025-05-10 18:32:36'),
(523, '2025-05-09 00:00:00', 'expédiée', '2025-05-16 00:00:00', 37, '2025-05-10 18:32:36'),
(524, '2025-05-09 00:00:00', 'expédiée', '2025-05-16 00:00:00', 37, '2025-05-10 18:32:36'),
(525, '2025-05-09 00:00:00', 'expédiée', '2025-05-16 00:00:00', 37, '2025-05-10 18:32:36'),
(526, '2025-05-09 00:00:00', 'expédiée', '2025-05-16 00:00:00', 37, '2025-05-10 18:32:36'),
(527, '2025-05-10 00:00:00', 'expédiée', '2025-05-17 00:00:00', 64, '2025-05-10 00:43:45'),
(528, '2025-05-10 00:00:00', 'expédiée', '2025-05-17 00:00:00', 37, '2025-05-10 18:32:36'),
(529, '2025-05-10 00:00:00', 'expédiée', '2025-05-17 00:00:00', 37, '2025-05-10 18:32:36'),
(530, '2025-05-10 00:00:00', 'expédiée', '2025-05-17 00:00:00', 37, '2025-05-10 18:32:36'),
(531, '2025-05-10 00:00:00', 'expédiée', '2025-05-17 00:00:00', 37, '2025-05-10 18:32:36'),
(532, '2025-05-10 00:00:00', 'expédiée', '2025-05-17 00:00:00', 37, '2025-05-10 18:32:36'),
(533, '2025-05-10 00:00:00', 'expédiée', '2025-05-17 00:00:00', 37, '2025-05-10 18:32:36'),
(534, NULL, 'en attente', NULL, 37, '2025-05-10 18:32:36');

-- --------------------------------------------------------

--
-- Structure de la table `archiveLigneCommande`
--

CREATE TABLE `archiveLigneCommande` (
  `idLigneCommande` int NOT NULL,
  `idCommande` int DEFAULT NULL,
  `idLivre` int DEFAULT NULL,
  `quantiteLigneCommande` int DEFAULT NULL,
  `date_archivage` datetime NOT NULL DEFAULT CURRENT_TIMESTAMP
) ENGINE=InnoDB DEFAULT CHARSET=utf8mb4 COLLATE=utf8mb4_0900_ai_ci COMMENT='Archive des lignes de commande';

--
-- Déchargement des données de la table `archiveLigneCommande`
--

INSERT INTO `archiveLigneCommande` (`idLigneCommande`, `idCommande`, `idLivre`, `quantiteLigneCommande`, `date_archivage`) VALUES
(620, 364, 2, 2, '2025-05-10 18:32:36'),
(621, 365, 6, 1, '2025-05-10 18:32:36'),
(622, 366, 2, 2, '2025-05-10 18:32:36'),
(623, 367, 6, 1, '2025-05-10 18:32:36'),
(624, 368, 2, 1, '2025-05-10 18:32:36'),
(625, 369, 6, 1, '2025-05-10 18:32:36'),
(626, 370, 2, 1, '2025-05-10 18:32:36'),
(627, 371, 2, 1, '2025-05-10 18:32:36'),
(628, 372, 6, 1, '2025-05-10 18:32:36'),
(629, 373, 6, 1, '2025-05-10 18:32:36'),
(630, 374, 6, 1, '2025-05-10 18:32:36'),
(631, 375, 6, 1, '2025-05-10 18:32:36'),
(632, 376, 2, 1, '2025-05-10 18:32:36'),
(633, 377, 6, 1, '2025-05-10 18:32:36'),
(634, 378, 2, 1, '2025-05-10 18:32:36'),
(635, 379, 6, 1, '2025-05-10 18:32:36'),
(636, 380, 2, 1, '2025-05-10 18:32:36'),
(637, 381, 2, 10, '2025-05-10 18:32:36'),
(638, 382, 2, 10, '2025-05-10 18:32:36'),
(639, 383, 2, 10, '2025-05-10 18:32:36'),
(640, 384, 2, 10, '2025-05-10 18:32:36'),
(641, 385, 2, 5, '2025-05-10 18:32:36'),
(642, 386, 6, 1, '2025-05-10 18:32:36'),
(643, 387, 3, 10, '2025-05-10 18:32:36'),
(644, 388, 3, 10, '2025-05-10 18:32:36'),
(645, 389, 4, 10, '2025-05-10 18:32:36'),
(646, 390, 2, 4, '2025-05-10 18:32:36'),
(647, 391, 6, 1, '2025-05-10 18:32:36'),
(648, 392, 2, 10, '2025-05-10 18:32:36'),
(649, 393, 6, 1, '2025-05-10 18:32:36'),
(651, 395, 2, 1, '2025-05-10 18:32:36'),
(652, 396, 2, 1, '2025-05-10 18:32:36'),
(653, 397, 2, 1, '2025-05-10 18:32:36'),
(654, 398, 2, 1, '2025-05-10 18:32:36'),
(655, 399, 6, 1, '2025-05-10 18:32:36'),
(656, 400, 2, 1, '2025-05-10 18:32:36'),
(657, 401, 2, 1, '2025-05-10 18:32:36'),
(658, 402, 2, 1, '2025-05-10 18:32:36'),
(659, 403, 6, 1, '2025-05-10 18:32:36'),
(660, 404, 2, 1, '2025-05-10 18:32:36'),
(661, 405, 6, 1, '2025-05-10 18:32:36'),
(662, 406, 6, 1, '2025-05-10 18:32:36'),
(663, 407, 6, 1, '2025-05-10 18:32:36'),
(664, 408, 6, 1, '2025-05-10 18:32:36'),
(665, 409, 3, 1, '2025-05-10 18:32:36'),
(666, 409, 9, 1, '2025-05-10 18:32:36'),
(667, 410, 6, 1, '2025-05-10 18:32:36'),
(668, 411, 2, 1, '2025-05-10 18:32:36'),
(669, 412, 3, 1, '2025-05-10 18:32:36'),
(670, 413, 3, 1, '2025-05-10 18:32:36'),
(671, 414, 3, 1, '2025-05-10 18:32:36'),
(672, 415, 9, 1, '2025-05-10 18:32:36'),
(674, 417, 2, 1, '2025-05-10 18:32:36'),
(675, 418, 12, 1, '2025-05-10 18:32:36'),
(676, 419, 2, 1, '2025-05-10 18:32:36'),
(677, 420, 12, 1, '2025-05-10 18:32:36'),
(678, 421, 2, 1, '2025-05-10 18:32:36'),
(679, 422, 9, 1, '2025-05-10 18:32:36'),
(680, 423, 3, 1, '2025-05-10 18:32:36'),
(681, 424, 12, 1, '2025-05-10 18:32:36'),
(682, 425, 2, 1, '2025-05-10 18:32:36'),
(683, 426, 3, 1, '2025-05-10 18:32:36'),
(684, 427, 10, 1, '2025-05-10 18:32:36'),
(685, 428, 2, 1, '2025-05-10 18:32:36'),
(686, 429, 11, 1, '2025-05-10 18:32:36'),
(687, 430, 2, 1, '2025-05-10 18:32:36'),
(688, 431, 2, 1, '2025-05-10 18:32:36'),
(689, 432, 11, 1, '2025-05-10 18:32:36'),
(690, 433, 2, 1, '2025-05-10 18:32:36'),
(691, 434, 11, 1, '2025-05-10 18:32:36'),
(692, 435, 2, 1, '2025-05-10 18:32:36'),
(693, 436, 12, 1, '2025-05-10 18:32:36'),
(694, 437, 2, 1, '2025-05-10 18:32:36'),
(695, 438, 12, 1, '2025-05-10 18:32:36'),
(696, 439, 2, 1, '2025-05-10 18:32:36'),
(697, 440, 11, 1, '2025-05-10 18:32:36'),
(698, 441, 2, 1, '2025-05-10 18:32:36'),
(699, 442, 12, 1, '2025-05-10 18:32:36'),
(700, 443, 2, 1, '2025-05-10 18:32:36'),
(701, 444, 12, 1, '2025-05-10 18:32:36'),
(702, 445, 2, 1, '2025-05-10 18:32:36'),
(703, 446, 12, 1, '2025-05-10 18:32:36'),
(704, 447, 2, 1, '2025-05-10 18:32:36'),
(705, 448, 9, 1, '2025-05-10 18:32:36'),
(706, 449, 2, 1, '2025-05-10 18:32:36'),
(707, 450, 11, 1, '2025-05-10 18:32:36'),
(712, 452, 3, 1, '2025-05-10 18:32:36'),
(713, 452, 2, 2, '2025-05-10 18:32:36'),
(714, 452, 14, 5, '2025-05-10 18:32:36'),
(715, 453, 2, 5, '2025-05-10 18:32:36'),
(716, 454, 2, 1, '2025-05-10 18:32:36'),
(717, 454, 3, 1, '2025-05-10 18:32:36'),
(718, 454, 13, 1, '2025-05-10 18:32:36'),
(720, 455, 2, 1, '2025-05-10 18:32:36'),
(724, 457, 3, 10, '2025-04-19 20:10:36'),
(725, 457, 5, 20, '2025-04-19 20:10:36'),
(726, 457, 4, 30, '2025-04-19 20:10:36'),
(728, 462, 3, 1, '2025-05-10 18:32:36'),
(759, 462, 14, 1, '2025-05-10 18:32:36'),
(768, 462, 19, 1, '2025-05-10 18:32:36'),
(780, 462, 2, 1, '2025-05-10 18:32:36'),
(781, 462, 2, 1, '2025-05-10 18:32:36'),
(782, 462, 2, 1, '2025-05-10 18:32:36'),
(783, 462, 2, 1, '2025-05-10 18:32:36'),
(785, 462, 2, 1, '2025-05-10 18:32:36'),
(786, 462, 13, 31, '2025-05-10 18:32:36'),
(788, 463, 2, 1, '2025-05-10 18:32:36'),
(790, 463, 2, 1, '2025-05-10 18:32:36'),
(791, 463, 2, 31, '2025-05-10 18:32:36'),
(792, 462, 13, 80, '2025-05-10 18:32:36'),
(795, 465, 45, 1, '2025-05-10 18:32:36'),
(797, 465, 3, 10, '2025-05-10 18:32:36'),
(798, 466, 2, 1, '2025-05-10 18:32:36'),
(799, 466, 3, 12, '2025-05-10 18:32:36'),
(800, 467, 11, 1, '2025-05-10 18:32:36'),
(801, 468, 9, 1, '2025-05-10 18:32:36'),
(802, 469, 2, 1, '2025-05-10 18:32:36'),
(803, 469, 12, 1, '2025-05-10 18:32:36'),
(804, 470, 2, 1, '2025-05-10 18:32:36'),
(805, 470, 11, 1, '2025-05-10 18:32:36'),
(806, 471, 2, 1, '2025-05-10 18:32:36'),
(807, 471, 11, 1, '2025-05-10 18:32:36'),
(808, 472, 2, 1, '2025-05-10 18:32:36'),
(809, 472, 12, 1, '2025-05-10 18:32:36'),
(810, 473, 2, 1, '2025-05-10 18:32:36'),
(811, 473, 11, 1, '2025-05-10 18:32:36'),
(812, 474, 2, 5, '2025-05-10 18:32:36'),
(813, 474, 9, 1, '2025-05-10 18:32:36'),
(814, 475, 3, 2, '2025-05-10 18:32:36'),
(815, 475, 12, 1, '2025-05-10 18:32:36'),
(816, 476, 3, 12, '2025-05-10 18:32:36'),
(817, 477, 2, 11, '2025-05-10 18:32:36'),
(818, 477, 10, 1, '2025-05-10 18:32:36'),
(819, 478, 2, 1, '2025-05-10 18:32:36'),
(820, 478, 11, 1, '2025-05-10 18:32:36'),
(821, 479, 2, 1, '2025-05-10 18:32:36'),
(822, 479, 12, 1, '2025-05-10 18:32:36'),
(823, 480, 2, 1, '2025-05-10 18:32:36'),
(824, 480, 9, 1, '2025-05-10 18:32:36'),
(825, 481, 2, 1, '2025-05-10 18:32:36'),
(826, 481, 10, 1, '2025-05-10 18:32:36'),
(827, 482, 2, 1, '2025-05-10 18:32:36'),
(828, 482, 10, 1, '2025-05-10 18:32:36'),
(829, 483, 2, 1, '2025-05-10 18:32:36'),
(830, 483, 12, 1, '2025-05-10 18:32:36'),
(831, 484, 2, 1, '2025-05-10 18:32:36'),
(832, 484, 10, 1, '2025-05-10 18:32:36'),
(834, 485, 2, 84, '2025-05-10 18:32:36'),
(835, 485, 3, 2, '2025-05-10 18:32:36'),
(836, 485, 13, 2, '2025-05-10 18:32:36'),
(837, 485, 14, 1, '2025-05-10 18:32:36'),
(838, 485, 9, 1, '2025-05-10 18:32:36'),
(839, 486, 2, 1, '2025-05-10 18:32:36'),
(840, 486, 9, 1, '2025-05-10 18:32:36'),
(841, 487, 2, 1, '2025-05-10 18:32:36'),
(842, 487, 9, 1, '2025-05-10 18:32:36'),
(843, 488, 2, 4, '2025-05-10 18:32:36'),
(844, 488, 9, 1, '2025-05-10 18:32:36'),
(845, 489, 2, 4, '2025-05-10 18:32:36'),
(846, 489, 3, 14, '2025-05-10 18:32:36'),
(847, 489, 10, 1, '2025-05-10 18:32:36'),
(849, 490, 2, 90, '2025-05-10 18:32:36'),
(850, 490, 12, 1, '2025-05-10 18:32:36'),
(851, 491, 2, 1, '2025-05-10 18:32:36'),
(852, 491, 9, 1, '2025-05-10 18:32:36'),
(853, 492, 2, 1, '2025-05-10 18:32:36'),
(854, 492, 12, 1, '2025-05-10 18:32:36'),
(855, 493, 2, 1, '2025-05-10 18:32:36'),
(856, 493, 1, 5, '2025-05-10 18:32:36'),
(857, 493, 10, 1, '2025-05-10 18:32:36'),
(858, 494, 2, 1, '2025-05-10 18:32:36'),
(859, 494, 9, 1, '2025-05-10 18:32:36'),
(860, 495, 2, 1, '2025-05-10 18:32:36'),
(861, 495, 11, 1, '2025-05-10 18:32:36'),
(862, 496, 2, 1, '2025-05-10 18:32:36'),
(863, 496, 9, 1, '2025-05-10 18:32:36'),
(864, 497, 2, 1, '2025-05-10 18:32:36'),
(865, 497, 11, 1, '2025-05-10 18:32:36'),
(866, 498, 2, 1, '2025-05-10 18:32:36'),
(867, 498, 9, 1, '2025-05-10 18:32:36'),
(868, 499, 2, 1, '2025-05-10 18:32:36'),
(869, 499, 10, 1, '2025-05-10 18:32:36'),
(870, 500, 2, 1, '2025-05-10 18:32:36'),
(871, 500, 12, 1, '2025-05-10 18:32:36'),
(872, 501, 2, 1, '2025-05-10 18:32:36'),
(873, 501, 12, 1, '2025-05-10 18:32:36'),
(874, 502, 2, 1, '2025-05-10 18:32:36'),
(875, 503, 2, 1, '2025-05-10 18:32:36'),
(876, 504, 2, 1, '2025-05-10 18:32:36'),
(877, 505, 2, 1, '2025-05-10 18:32:36'),
(878, 505, 3, 3, '2025-05-10 18:32:36'),
(879, 505, 13, 4, '2025-05-10 18:32:36'),
(880, 506, 2, 1, '2025-05-10 18:32:36'),
(881, 507, 2, 1, '2025-05-10 18:32:36'),
(882, 508, 2, 1, '2025-05-10 18:32:36'),
(883, 509, 2, 1, '2025-05-10 18:32:36'),
(884, 510, 2, 1, '2025-05-10 18:32:36'),
(885, 511, 2, 1, '2025-05-10 18:32:36'),
(886, 512, 3, 1, '2025-05-10 18:32:36'),
(887, 513, 2, 1, '2025-05-10 18:32:36'),
(888, 514, 3, 1, '2025-05-10 18:32:36'),
(889, 515, 2, 1, '2025-05-10 18:32:36'),
(890, 515, 3, 1, '2025-05-10 18:32:36'),
(891, 516, 17, 20, '2025-05-03 16:27:39'),
(892, 516, 45, 3, '2025-05-03 16:27:39'),
(893, 516, 49, 40, '2025-05-03 16:27:39'),
(894, 517, 2, 27, '2025-05-03 17:29:44'),
(895, 518, 13, 30, '2025-05-03 17:29:44'),
(896, 519, 2, 1, '2025-05-10 18:32:36'),
(897, 519, 12, 1, '2025-05-10 18:32:36'),
(898, 520, 2, 1, '2025-05-10 18:32:36'),
(899, 520, 9, 1, '2025-05-10 18:32:36'),
(902, 522, 2, 1, '2025-05-10 18:32:36'),
(907, 522, 13, 3, '2025-05-10 18:32:36'),
(908, 522, 1, 2, '2025-05-10 18:32:36'),
(909, 523, 1, 1, '2025-05-10 18:32:36'),
(910, 524, 1, 1, '2025-05-10 18:32:36'),
(911, 525, 2, 2, '2025-05-10 18:32:36'),
(912, 526, 2, 1, '2025-05-10 18:32:36'),
(913, 527, 45, 14, '2025-05-10 00:43:45'),
(914, 527, 48, 41, '2025-05-10 00:43:45'),
(915, 528, 1, 2, '2025-05-10 18:32:36'),
(916, 529, 1, 1, '2025-05-10 18:32:36'),
(917, 530, 1, 1, '2025-05-10 18:32:36'),
(918, 531, 1, 1, '2025-05-10 18:32:36'),
(919, 532, 1, 1, '2025-05-10 18:32:36'),
(920, 533, 1, 2, '2025-05-10 18:32:36'),
(921, 533, 11, 1, '2025-05-10 18:32:36'),
(922, 534, 1, 1, '2025-05-10 18:32:36');

-- --------------------------------------------------------

--
-- Structure de la table `avis`
--

CREATE TABLE `avis` (
  `idAvis` int NOT NULL,
  `idLivre` int NOT NULL,
  `idUser` int NOT NULL,
  `commentaireAvis` text NOT NULL,
  `noteAvis` tinyint NOT NULL,
  `dateAvis` date NOT NULL
) ENGINE=InnoDB DEFAULT CHARSET=utf8mb4 COLLATE=utf8mb4_0900_ai_ci;

--
-- Déchargement des données de la table `avis`
--

INSERT INTO `avis` (`idAvis`, `idLivre`, `idUser`, `commentaireAvis`, `noteAvis`, `dateAvis`) VALUES
(1, 23, 5, 'Excellent livre, très instructif!', 5, '2025-05-10'),
(2, 12, 8, 'Plutôt intéressant, mais quelques longueurs.', 4, '2025-05-09'),
(3, 35, 14, 'Pas mal, mais pas aussi captivant que ce à quoi je m’attendais.', 3, '2025-05-08'),
(4, 4, 20, 'Vraiment passionnant et bien écrit!', 5, '2025-05-07'),
(5, 29, 3, 'Décevant. Je m’attendais à mieux.', 2, '2025-05-06'),
(6, 42, 16, 'Une histoire captivante, bien que prévisible.', 4, '2025-05-05'),
(7, 7, 1, 'Très bon, avec des personnages profonds.', 5, '2025-05-04'),
(8, 50, 25, 'Moyen. Il manquait un peu de rythme.', 3, '2025-05-03'),
(9, 19, 18, 'J’ai adoré ! Un vrai chef-d’œuvre.', 5, '2025-05-02'),
(10, 31, 6, 'Trop de clichés, décevant.', 2, '2025-05-01'),
(11, 13, 11, 'Un livre formidable. À lire absolument.', 5, '2025-04-30'),
(12, 28, 12, 'Plutôt intéressant, mais certaines parties sont longues.', 4, '2025-04-29'),
(13, 45, 50, 'Le livre manquait doriginalité.', 2, '2025-04-28'),
(14, 10, 9, 'Une lecture agréable, mais pas inoubliable.', 3, '2025-04-27'),
(15, 22, 30, 'Exceptionnel. Un livre que je recommande fortement.', 5, '2025-04-26'),
(16, 8, 47, 'Un peu décevant comparé à mes attentes.', 3, '2025-04-25'),
(17, 40, 37, 'Intrigant et bien écrit, j’ai adoré.', 5, '2025-04-24'),
(18, 39, 33, 'Je n’ai pas du tout accroché, dommage.', 1, '2025-04-23'),
(19, 26, 28, 'Très bon livre, plein de suspense!', 4, '2025-04-22'),
(20, 3, 45, 'Un peu trop lent, mais agréable à lire.', 3, '2025-04-21');

-- --------------------------------------------------------

--
-- Structure de la table `categorie`
--

CREATE TABLE `categorie` (
  `idCategorie` int NOT NULL,
  `nomCategorie` varchar(50) NOT NULL
) ENGINE=InnoDB DEFAULT CHARSET=utf8mb4 COLLATE=utf8mb4_0900_ai_ci;

--
-- Déchargement des données de la table `categorie`
--

INSERT INTO `categorie` (`idCategorie`, `nomCategorie`) VALUES
(1, 'Roman'),
(2, 'Histoire'),
(3, 'Recueil de Poèmes'),
(4, 'Programmation');

-- --------------------------------------------------------

--
-- Structure de la table `commande`
--

CREATE TABLE `commande` (
  `idCommande` int NOT NULL,
  `dateCommande` date DEFAULT NULL,
  `statutCommande` enum('en attente','expédiée','arrivée') CHARACTER SET utf8mb4 COLLATE utf8mb4_0900_ai_ci DEFAULT NULL,
  `dateLivraisonCommande` date DEFAULT NULL,
  `idUser` int DEFAULT NULL
) ENGINE=InnoDB DEFAULT CHARSET=utf8mb4 COLLATE=utf8mb4_0900_ai_ci;

--
-- Déchargement des données de la table `commande`
--

INSERT INTO `commande` (`idCommande`, `dateCommande`, `statutCommande`, `dateLivraisonCommande`, `idUser`) VALUES
(1, '2025-01-02', 'expédiée', '2025-01-07', 12),
(2, '2025-01-03', 'en attente', '2025-01-08', 24),
(3, '2025-01-05', 'arrivée', '2025-01-10', 7),
(4, '2025-01-07', 'expédiée', '2025-01-12', 35),
(5, '2025-01-09', 'en attente', '2025-01-14', 19),
(6, '2025-01-11', 'arrivée', '2025-01-16', 42),
(7, '2025-01-15', 'expédiée', '2025-01-20', 3),
(8, '2025-01-18', 'en attente', '2025-01-23', 27),
(9, '2025-01-20', 'arrivée', '2025-01-25', 11),
(10, '2025-01-22', 'expédiée', '2025-01-27', 6),
(11, '2025-01-25', 'en attente', '2025-01-30', 31),
(12, '2025-01-28', 'arrivée', '2025-02-02', 14),
(13, '2025-01-30', 'expédiée', '2025-02-04', 29),
(14, '2025-02-01', 'en attente', '2025-02-06', 44),
(15, '2025-02-03', 'arrivée', '2025-02-08', 18),
(16, '2025-02-05', 'expédiée', '2025-02-10', 37),
(17, '2025-02-07', 'en attente', '2025-02-12', 9),
(18, '2025-02-09', 'arrivée', '2025-02-14', 26),
(19, '2025-02-11', 'expédiée', '2025-02-16', 5),
(20, '2025-02-13', 'en attente', '2025-02-18', 41),
(21, '2025-02-15', 'arrivée', '2025-02-20', 22),
(22, '2025-02-17', 'expédiée', '2025-02-22', 13),
(23, '2025-02-19', 'en attente', '2025-02-24', 33),
(24, '2025-02-21', 'arrivée', '2025-02-26', 2),
(25, '2025-02-23', 'expédiée', '2025-02-28', 39),
(26, '2025-02-25', 'en attente', '2025-03-02', 16),
(27, '2025-02-27', 'arrivée', '2025-03-04', 8),
(28, '2025-03-01', 'expédiée', '2025-03-06', 47),
(29, '2025-03-03', 'en attente', '2025-03-08', 23),
(30, '2025-03-05', 'arrivée', '2025-03-10', 17),
(31, '2025-03-07', 'expédiée', '2025-03-12', 1),
(32, '2025-03-09', 'en attente', '2025-03-14', 43),
(33, '2025-03-11', 'arrivée', '2025-03-16', 28),
(34, '2025-03-13', 'expédiée', '2025-03-18', 10),
(35, '2025-03-15', 'en attente', '2025-03-20', 36),
(36, '2025-03-17', 'arrivée', '2025-03-22', 4),
(37, '2025-03-19', 'expédiée', '2025-03-24', 45),
(38, '2025-03-21', 'en attente', '2025-03-26', 21),
(39, '2025-03-23', 'arrivée', '2025-03-28', 15),
(40, '2025-03-25', 'expédiée', '2025-03-30', 32),
(41, '2025-03-27', 'en attente', '2025-04-01', 7),
(42, '2025-03-29', 'arrivée', '2025-04-03', 38),
(43, '2025-03-31', 'expédiée', '2025-04-05', 19),
(44, '2025-04-02', 'en attente', '2025-04-07', 30),
(45, '2025-04-04', 'arrivée', '2025-04-09', 24),
(46, '2025-04-06', 'expédiée', '2025-04-11', 3),
(47, '2025-04-08', 'en attente', '2025-04-13', 46),
(48, '2025-04-10', 'arrivée', '2025-04-15', 27),
(49, '2025-04-12', 'expédiée', '2025-04-17', 11),
(50, '2025-04-14', 'en attente', '2025-04-19', 40),
(51, '2025-04-16', 'arrivée', '2025-04-21', 20),
(52, '2025-04-18', 'expédiée', '2025-04-23', 5),
(53, '2025-04-20', 'en attente', '2025-04-25', 34),
(54, '2025-04-22', 'arrivée', '2025-04-27', 13),
(55, '2025-04-24', 'expédiée', '2025-04-29', 48),
(56, '2025-04-26', 'en attente', '2025-05-01', 25),
(57, '2025-04-28', 'arrivée', '2025-05-03', 6),
(58, '2025-04-30', 'expédiée', '2025-05-05', 49),
(59, '2025-05-01', 'en attente', '2025-05-06', 22),
(60, '2025-05-02', 'arrivée', '2025-05-07', 9),
(61, '2025-05-03', 'expédiée', '2025-05-08', 42),
(62, '2025-05-04', 'en attente', '2025-05-09', 17),
(63, '2025-05-05', 'arrivée', '2025-05-10', 33),
(64, '2025-05-06', 'expédiée', '2025-05-11', 12),
(65, '2025-05-07', 'en attente', '2025-05-12', 44),
(66, '2025-05-08', 'arrivée', '2025-05-13', 2),
(67, '2025-05-09', 'expédiée', '2025-05-14', 29),
(68, '2025-05-09', 'en attente', '2025-05-14', 18),
(69, '2025-05-09', 'arrivée', '2025-05-14', 37),
(70, '2025-05-09', 'expédiée', '2025-05-14', 8),
(71, '2025-05-09', 'en attente', '2025-05-14', 47),
(72, '2025-05-09', 'arrivée', '2025-05-14', 21),
(73, '2025-05-09', 'expédiée', '2025-05-14', 14),
(74, '2025-05-09', 'en attente', '2025-05-14', 35),
(75, '2025-05-09', 'arrivée', '2025-05-14', 4),
(76, '2025-05-09', 'expédiée', '2025-05-14', 26),
(77, '2025-05-09', 'en attente', '2025-05-14', 10),
(78, '2025-05-09', 'arrivée', '2025-05-14', 50),
(79, '2025-05-09', 'expédiée', '2025-05-14', 31),
(80, '2025-05-09', 'en attente', '2025-05-14', 16),
(81, '2025-05-10', 'arrivée', '2025-05-15', 39),
(82, '2025-05-10', 'expédiée', '2025-05-15', 1),
(83, '2025-05-10', 'en attente', '2025-05-15', 45),
(84, '2025-05-10', 'arrivée', '2025-05-15', 23),
(85, '2025-05-10', 'expédiée', '2025-05-15', 36),
(86, '2025-05-10', 'en attente', '2025-05-15', 15),
(87, '2025-05-10', 'arrivée', '2025-05-15', 32),
(88, '2025-05-10', 'expédiée', '2025-05-15', 7),
(89, '2025-05-10', 'en attente', '2025-05-15', 38),
(90, '2025-05-10', 'arrivée', '2025-05-15', 20),
(91, '2025-05-10', 'expédiée', '2025-05-15', 46),
(92, '2025-05-10', 'en attente', '2025-05-15', 28),
(93, '2025-05-10', 'arrivée', '2025-05-15', 3),
(94, '2025-05-10', 'expédiée', '2025-05-15', 41),
(95, '2025-05-10', 'en attente', '2025-05-15', 19),
(96, '2025-05-10', 'arrivée', '2025-05-15', 30),
(97, '2025-05-10', 'expédiée', '2025-05-15', 5),
(98, '2025-05-10', 'en attente', '2025-05-15', 43),
(99, '2025-05-10', 'arrivée', '2025-05-15', 25),
(100, '2025-05-10', 'expédiée', '2025-05-15', 14);

--
-- Déclencheurs `commande`
--
DELIMITER $$
CREATE TRIGGER `tUpdateStockCommande` AFTER UPDATE ON `commande` FOR EACH ROW BEGIN
    IF OLD.statutCommande = 'en attente' AND NEW.statutCommande = 'expédiée' THEN
        UPDATE livre l
        JOIN ligneCommande lc ON l.idLivre = lc.idLivre
        SET l.exemplaireLivre = l.exemplaireLivre - lc.quantiteLigneCommande
        WHERE lc.idCommande = NEW.idCommande;
    END IF;
END
$$
DELIMITER ;

-- --------------------------------------------------------

--
-- Structure de la table `entreprise`
--

CREATE TABLE `entreprise` (
  `idUser` int NOT NULL,
  `siretUser` bigint DEFAULT NULL,
  `raisonSocialeUser` varchar(255) DEFAULT NULL,
  `capitalSocialUser` float(15,2) DEFAULT NULL
) ENGINE=InnoDB DEFAULT CHARSET=utf8mb4 COLLATE=utf8mb4_0900_ai_ci;

--
-- Déchargement des données de la table `entreprise`
--

INSERT INTO `entreprise` (`idUser`, `siretUser`, `raisonSocialeUser`, `capitalSocialUser`) VALUES
(26, 73282932000012, 'Capgemini', 1000000.00),
(27, 84392847500018, 'Dassault Systèmes', 3000000.00),
(28, 48923456700014, 'Airbus', 10000000.00),
(29, 89457632100021, 'Thales', 5000000.00),
(30, 73049285000033, 'Ubisoft', 2000000.00),
(31, 83457234900012, 'OVHCloud', 1500000.00),
(32, 98524310000015, 'Atos', 2200000.00),
(33, 74382019900017, 'Sopra Steria', 1800000.00),
(34, 83520487200019, 'Orange Business', 2500000.00),
(35, 93458237600016, 'Groupe ADP', 4000000.00),
(36, 82374910200013, 'Carrefour', 9000000.00),
(37, 71289347200012, 'LVMH', 16000000.00),
(38, 65493280100011, 'Renault', 8000000.00),
(39, 89347209300018, 'Bouygues Telecom', 4700000.00),
(40, 74382019300012, 'SNCF', 12000000.00),
(41, 62394720100013, 'EDF', 15000000.00),
(42, 83947202800015, 'Veolia', 6000000.00),
(43, 73928475000019, 'Danone', 7200000.00),
(44, 75930287100017, 'Accor', 3100000.00),
(45, 82304751200011, 'Engie', 9100000.00),
(46, 83294012200014, 'La Poste', 10000000.00),
(47, 75829347200013, 'CMA CGM', 5300000.00),
(48, 73582019300012, 'BNP Paribas', 9000000.00),
(49, 62938472000011, 'Société Générale', 9500000.00),
(50, 84937203900017, 'Crédit Agricole', 11000000.00);

-- --------------------------------------------------------

--
-- Structure de la table `ligneCommande`
--

CREATE TABLE `ligneCommande` (
  `idLigneCommande` int NOT NULL,
  `idCommande` int NOT NULL,
  `idLivre` int NOT NULL,
  `quantiteLigneCommande` int NOT NULL DEFAULT '1'
) ENGINE=InnoDB DEFAULT CHARSET=utf8mb4 COLLATE=utf8mb4_0900_ai_ci;

--
-- Déchargement des données de la table `ligneCommande`
--

INSERT INTO `ligneCommande` (`idLigneCommande`, `idCommande`, `idLivre`, `quantiteLigneCommande`) VALUES
(1, 99, 8, 1),
(2, 12, 10, 5),
(3, 99, 24, 9),
(4, 98, 1, 1),
(5, 20, 49, 1),
(6, 23, 44, 1),
(7, 89, 49, 1),
(8, 55, 42, 1),
(9, 99, 44, 1),
(10, 12, 42, 1),
(11, 99, 44, 1),
(12, 12, 42, 1),
(13, 99, 44, 1),
(14, 12, 42, 1),
(15, 99, 44, 1),
(16, 12, 42, 1),
(17, 99, 44, 1),
(18, 12, 42, 1),
(19, 99, 44, 1),
(20, 12, 42, 1),
(21, 99, 44, 1),
(22, 12, 42, 1),
(23, 99, 44, 1),
(24, 12, 42, 1),
(25, 99, 44, 1),
(26, 12, 42, 1),
(27, 99, 44, 1),
(28, 12, 42, 1),
(29, 99, 44, 1),
(30, 12, 42, 1),
(31, 99, 44, 1),
(32, 12, 42, 1),
(33, 99, 44, 1),
(34, 12, 42, 1),
(35, 99, 44, 1),
(36, 12, 42, 1),
(37, 99, 44, 1),
(38, 12, 42, 1),
(39, 99, 44, 1),
(40, 12, 42, 1),
(41, 99, 44, 1),
(42, 12, 42, 1),
(43, 99, 44, 1),
(44, 12, 42, 1),
(45, 99, 44, 1),
(46, 12, 42, 1),
(47, 99, 44, 1),
(48, 12, 42, 1),
(49, 99, 44, 1),
(50, 12, 42, 1),
(51, 99, 44, 1),
(52, 12, 42, 1),
(53, 99, 44, 1),
(54, 12, 42, 1),
(55, 99, 44, 1),
(56, 12, 42, 1),
(57, 99, 44, 1),
(58, 12, 42, 1),
(59, 99, 44, 1),
(60, 12, 42, 1),
(61, 99, 44, 1),
(62, 12, 42, 1),
(63, 99, 44, 1),
(64, 12, 42, 1),
(65, 99, 44, 1),
(66, 12, 42, 1),
(67, 99, 44, 1),
(68, 12, 42, 1),
(69, 99, 44, 1),
(70, 12, 42, 1),
(71, 99, 44, 1),
(72, 12, 42, 1),
(73, 99, 44, 1),
(74, 12, 42, 1),
(75, 99, 44, 1),
(76, 12, 42, 1),
(77, 99, 44, 1),
(78, 12, 42, 1),
(79, 99, 44, 1),
(80, 12, 42, 1),
(81, 99, 44, 1),
(82, 12, 42, 1),
(83, 99, 44, 1),
(84, 12, 42, 1),
(85, 99, 44, 1),
(86, 12, 42, 1),
(87, 99, 44, 1),
(88, 12, 42, 1),
(89, 99, 44, 1),
(90, 12, 42, 1),
(91, 99, 44, 1),
(92, 12, 42, 1),
(93, 99, 44, 1),
(94, 12, 42, 1),
(95, 99, 44, 1),
(96, 12, 42, 1),
(97, 99, 44, 1),
(98, 12, 42, 1),
(99, 99, 44, 1),
(100, 12, 42, 1),
(101, 99, 44, 1),
(102, 12, 42, 1),
(103, 99, 44, 1),
(104, 12, 42, 1),
(105, 99, 44, 1),
(106, 12, 42, 1),
(107, 99, 44, 1),
(108, 12, 42, 1),
(109, 99, 44, 1),
(110, 12, 42, 1),
(111, 99, 44, 1),
(112, 12, 42, 1),
(113, 99, 44, 1),
(114, 12, 42, 1),
(115, 99, 44, 1),
(116, 12, 42, 1),
(117, 99, 44, 1),
(118, 12, 42, 1),
(119, 99, 44, 1),
(120, 12, 42, 1),
(121, 99, 44, 1),
(122, 12, 42, 1),
(123, 99, 44, 1),
(124, 12, 42, 1),
(125, 99, 44, 1),
(126, 12, 42, 1),
(127, 99, 44, 1),
(128, 12, 42, 1),
(129, 99, 44, 1),
(130, 12, 42, 1),
(131, 99, 44, 1),
(132, 12, 42, 1),
(133, 99, 44, 1),
(134, 12, 42, 1),
(135, 99, 44, 1),
(136, 12, 42, 1),
(137, 99, 44, 1),
(138, 12, 42, 1),
(139, 99, 44, 1),
(140, 12, 42, 1),
(141, 99, 44, 1),
(142, 12, 42, 1),
(143, 99, 44, 1),
(144, 12, 42, 1),
(145, 99, 44, 1),
(146, 12, 42, 1),
(147, 99, 44, 1),
(148, 12, 42, 1),
(149, 99, 44, 1),
(150, 12, 42, 1),
(151, 99, 44, 1),
(152, 12, 42, 1),
(153, 99, 44, 1),
(154, 12, 42, 1),
(155, 99, 44, 1),
(156, 12, 42, 1),
(157, 99, 44, 1),
(158, 12, 42, 1),
(159, 99, 44, 1),
(160, 12, 42, 1),
(161, 99, 44, 1),
(162, 12, 42, 1),
(163, 99, 44, 1),
(164, 12, 42, 1),
(165, 99, 44, 1),
(166, 12, 42, 1),
(167, 99, 44, 1),
(168, 12, 42, 1),
(169, 99, 44, 1),
(170, 12, 42, 1),
(171, 99, 44, 1),
(172, 12, 42, 1),
(173, 99, 44, 1),
(174, 12, 42, 1),
(175, 99, 44, 1),
(176, 12, 42, 1),
(177, 99, 44, 1),
(178, 12, 42, 1),
(179, 99, 44, 1),
(180, 12, 42, 1),
(181, 99, 44, 1),
(182, 12, 42, 1),
(183, 99, 44, 1),
(184, 12, 42, 1),
(185, 99, 44, 1),
(186, 12, 42, 1),
(187, 99, 44, 1),
(188, 12, 42, 1),
(189, 99, 44, 1),
(190, 12, 42, 1),
(191, 99, 44, 1),
(192, 12, 42, 1),
(193, 99, 44, 1),
(194, 12, 42, 1),
(195, 99, 44, 1),
(196, 12, 42, 1),
(197, 99, 44, 1),
(198, 12, 42, 1),
(199, 99, 44, 1),
(200, 12, 42, 1);

--
-- Déclencheurs `ligneCommande`
--
DELIMITER $$
CREATE TRIGGER `tStockLivre` BEFORE UPDATE ON `ligneCommande` FOR EACH ROW BEGIN
    DECLARE t_totalQuantite INT;
    DECLARE t_exemplaireLivre INT;
    DECLARE t_idUser INT;

    SELECT idUser
    INTO t_idUser
    FROM commande
    WHERE idCommande = NEW.idCommande;

    SELECT SUM(lc.quantiteLigneCommande)
    INTO t_totalQuantite
    FROM ligneCommande lc
    INNER JOIN commande c ON lc.idCommande = c.idCommande
    WHERE lc.idLivre = NEW.idLivre
    AND c.idUser = t_idUser
    and c.statutCommande = 'en attente';

    SET t_totalQuantite = IFNULL(t_totalQuantite, 0) - OLD.quantiteLigneCommande + NEW.quantiteLigneCommande;

    SELECT exemplaireLivre
    INTO t_exemplaireLivre
    FROM livre
    WHERE idLivre = NEW.idLivre;

    IF t_totalQuantite > t_exemplaireLivre THEN
        SIGNAL SQLSTATE '45000'
        SET MESSAGE_TEXT = 'La quantité totale dépasse le nombre d'exemplaires disponibles pour ce livre.';
    END IF;
END
$$
DELIMITER ;

-- --------------------------------------------------------

--
-- Structure de la table `livre`
--

CREATE TABLE `livre` (
  `idLivre` int NOT NULL,
  `nomLivre` varchar(50) CHARACTER SET utf8mb4 COLLATE utf8mb4_0900_ai_ci NOT NULL,
  `auteurLivre` varchar(50) CHARACTER SET utf8mb4 COLLATE utf8mb4_0900_ai_ci DEFAULT NULL,
  `imageLivre` varchar(50) NOT NULL,
  `exemplaireLivre` int DEFAULT NULL,
  `prixLivre` float(10,2) NOT NULL,
  `idCategorie` int DEFAULT NULL,
  `idMaisonEdition` int DEFAULT NULL,
  `idPromotion` int DEFAULT NULL
) ENGINE=InnoDB DEFAULT CHARSET=utf8mb4 COLLATE=utf8mb4_0900_ai_ci;

--
-- Déchargement des données de la table `livre`
--

INSERT INTO `livre` (`idLivre`, `nomLivre`, `auteurLivre`, `imageLivre`, `exemplaireLivre`, `prixLivre`, `idCategorie`, `idMaisonEdition`, `idPromotion`) VALUES
(1, 'Alcools', 'Apollinaire', 'alcools.png', 82, 12.50, 1, 1, 7),
(2, 'Crime et Chatiment', 'Dostoïevski', 'crime_et_chatiment.png', 44, 15.00, 2, 2, NULL),
(3, 'L`Etranger', 'Camus', 'l_etranger.png', 79, 10.00, 1, 3, NULL),
(4, 'L`Odyssée', 'Homère', 'l_odyssee.png', 89, 13.50, 2, 4, NULL),
(5, 'Les Fleurs du Mal', 'Baudelaire', 'les_fleurs_du_mal.png', 100, 14.00, 3, 5, 3),
(6, 'PHP et MySQL pour les nuls', 'Valade', 'php_et_mysql_pour_les_nuls.png', 79, 22.00, 4, 6, NULL),
(7, 'Programmer en Java', 'Delannoy', 'programmer_en_java.png', 100, 25.00, 4, 7, NULL),
(8, 'SPQR', 'Beard', 'spqr.png', 99, 18.00, 2, 8, 4),
(9, 'À la recherche du temps perdu', 'Proust', 'a_la_recherche_du_temps_perdu.png', 92, 0.00, 1, 1, 5),
(10, 'Les Misérables', 'Hugo', 'les_miserables_I.png', 96, 0.00, 1, 2, NULL),
(11, '1984', 'Orwell', '1984.png', 92, 0.00, 1, 3, NULL),
(12, 'L`Art d\'aimer', 'Ovide', 'l_art_d_aimer', 87, 0.00, 1, 4, NULL),
(13, 'La Peste', 'Camus', 'la_peste.png', 62, 15.99, 1, 1, 1),
(14, 'Les Mémoires d\'Hadrien', 'Yourcenar', 'les_memoires_d_hadrien.png', 99, 12.99, 1, 1, 7),
(15, 'La Condition humaine', 'Malraux', 'la_condition_humaine.png', 100, 14.99, 2, 1, NULL),
(16, 'Le Comte de Monte-Cristo', 'Dumas', 'le_comte_de_monte_cristo.png', 100, 9.99, 1, 2, NULL),
(17, 'Orgueil et Préjugés', 'Austen', 'orgueil_et_prejuges.png', 80, 8.99, 1, 2, NULL),
(18, 'Shining', 'King', 'shining.png', 100, 10.99, 1, 2, NULL),
(19, 'Bel-Ami', 'Maupassant', 'bel_ami.png', 99, 11.99, 1, 3, 10),
(20, 'Fahrenheit 451', 'Bradbury', 'fahrenheit_451.png', 100, 9.99, 1, 3, NULL),
(21, 'La Nuit des temps', 'Barjavel', 'la_nuit_des_temps.png', 100, 12.99, 1, 3, 11),
(22, 'L`Énéide', 'Virgile', 'l_eneide.png', 100, 19.99, 3, 4, NULL),
(23, 'Les Pensées', 'Aurèle', 'les_pensees.png', 100, 18.99, 3, 4, 12),
(24, 'Les Métamorphoses', 'Ovide', 'les_metamorphoses.png', 100, 20.99, 3, 4, NULL),
(25, 'Le Petit Livre des citations latines', 'Delamaire', 'le_petit_livre_des_citations_latines.png', 100, 7.99, 3, 6, 13),
(26, 'Le Petit Livre des grandes coïncidences', 'Chiflet', 'le_petit_livre_des_grandes_coincidences.png', 100, 7.99, 3, 6, NULL),
(27, 'Le Petit Livre des gros mensonges', 'Chiflet', 'le_petit_livre_des_gros_mensonges.png', 100, 7.99, 3, 6, NULL),
(28, 'L\'Art de la guerre', 'Sun', 'l_art_de_la_guerre.png', 83, 12.99, 2, 7, NULL),
(29, 'Apprendre à dessiner', 'Edwards', 'apprendre_a_dessiner.png', 100, 14.99, 4, 7, NULL),
(30, 'Les Templiers', 'Demurger', 'les_templiers.png', 59, 18.99, 2, 8, NULL),
(31, 'La Seconde Guerre mondiale', 'Beevor', 'la_seconde_guerre_mondiale.png', 60, 19.99, 2, 8, NULL),
(32, 'Napoléon : Une ambition française', 'Tulard', 'napoleon_une_ambition_francaise.png', 100, 20.99, 2, 8, NULL),
(33, 'Le Maître et Marguerite', 'Boulgakov', 'le_maitre_et_marguerite.png', 75, 16.50, 1, 3, 2),
(34, 'Le Zéro et l\'Infini', 'Koestler', 'le_zero_et_l_infini.png', 88, 13.90, 1, 2, NULL),
(35, 'Le Dieu des Petits Riens', 'Roy', 'le_dieu_des_petits_riens.png', 62, 14.00, 2, 5, 7),
(36, 'Les Dépossédés', 'Le Guin', 'les_depossedes.png', 100, 11.49, 1, 4, 19),
(37, 'Ne tirez pas sur l\'oiseau moqueur', 'Lee', 'oiseau_moqueur.png', 85, 10.00, 2, 6, 5),
(38, 'La Promesse de l\'aube', 'Gary', 'promesse_de_l_aube.png', 73, 13.49, 3, 1, NULL),
(39, 'La Vie mode d\'emploi', 'Perec', 'vie_mode_d_emploi.png', 78, 18.50, 3, 8, 16),
(40, 'Les Racines du ciel', 'Gary', 'les_racines_du_ciel.png', 91, 17.00, 3, 3, 10),
(41, 'La Théorie du chaos', 'Gleick', 'theorie_du_chaos.png', 100, 15.99, 4, 7, NULL),
(42, 'Le Mythe de Sisyphe', 'Camus', 'mythe_de_sisyphe.png', 70, 9.49, 3, 2, 6),
(43, 'Kafka sur le rivage', 'Murakami', 'kafka_sur_le_rivage.png', 95, 16.99, 1, 2, 4),
(44, 'La Route', 'McCarthy', 'la_route.png', 85, 13.49, 2, 3, 8),
(45, 'Siddhartha', 'Hesse', 'siddhartha.png', 90, 9.99, 1, 1, NULL),
(46, 'Brave New World', 'Huxley', 'brave_new_world.png', 100, 12.99, 2, 4, 18),
(47, 'La Formule de Dieu', 'Rodrigues dos Santos', 'formule_de_dieu.png', 88, 17.90, 4, 5, 9),
(48, 'L\'Homme-dé', 'Rheinheart', 'homme_de.png', 70, 11.50, 3, 6, 14),
(49, 'Les Particules élémentaires', 'Houellebecq', 'particules_elementaires.png', 92, 15.00, 3, 2, NULL),
(50, 'La Horde du Contrevent', 'Damasio', 'horde_du_contrevent.png', 100, 18.99, 2, 7, 12);

-- --------------------------------------------------------

--
-- Structure de la table `maisonEdition`
--

CREATE TABLE `maisonEdition` (
  `idMaisonEdition` int NOT NULL,
  `nomMaisonEdition` varchar(50) NOT NULL
) ENGINE=InnoDB DEFAULT CHARSET=utf8mb4 COLLATE=utf8mb4_0900_ai_ci;

--
-- Déchargement des données de la table `maisonEdition`
--

INSERT INTO `maisonEdition` (`idMaisonEdition`, `nomMaisonEdition`) VALUES
(1, 'Gallimard'),
(2, 'Livre de Poche'),
(3, 'Folio'),
(4, 'Les Belles Lettres'),
(5, 'Le Livre de Poche'),
(6, 'First Interactive'),
(7, 'Eyrolles'),
(8, 'Perrin');

-- --------------------------------------------------------

--
-- Structure de la table `particulier`
--

CREATE TABLE `particulier` (
  `idUser` int NOT NULL,
  `nomUser` varchar(255) DEFAULT NULL,
  `prenomUser` varchar(255) DEFAULT NULL,
  `dateNaissanceUser` date DEFAULT NULL,
  `sexeUser` enum('M','F') DEFAULT NULL
) ENGINE=InnoDB DEFAULT CHARSET=utf8mb4 COLLATE=utf8mb4_0900_ai_ci;

--
-- Déchargement des données de la table `particulier`
--

INSERT INTO `particulier` (`idUser`, `nomUser`, `prenomUser`, `dateNaissanceUser`, `sexeUser`) VALUES
(3, 'Nguyen', 'Kevin', '1995-06-12', 'M'),
(4, 'Diop', 'Fatou', '1993-11-05', 'F'),
(5, 'Morel', 'Hugo', '1992-08-21', 'M'),
(6, 'Karim', 'Zineb', '1994-04-17', 'F'),
(7, 'Lam', 'Pierre', '1990-01-03', 'M'),
(8, 'Ait', 'Leila', '1996-09-09', 'F'),
(9, 'Schwarz', 'David', '1991-12-25', 'M'),
(10, 'Elhadi', 'Meryem', '1997-03-14', 'F'),
(11, 'Rossi', 'Julien', '1990-10-10', 'M'),
(12, 'Tanaka', 'Hanae', '1994-07-07', 'F'),
(13, 'Konate', 'Samba', '1993-02-28', 'M'),
(14, 'Meyer', 'Chloe', '1995-01-16', 'F'),
(15, 'Youssef', 'Mehdi', '1992-05-23', 'M'),
(16, 'Dubois', 'Ines', '1996-08-30', 'F'),
(17, 'Hernandez', 'Karl', '1993-03-03', 'M'),
(18, 'Abdi', 'Yasmin', '1997-12-01', 'F'),
(19, 'Bako', 'Jean', '1991-06-06', 'M'),
(20, 'Fernandez', 'Sarah', '1992-10-02', 'F'),
(21, 'Chaoui', 'Omar', '1994-04-04', 'M'),
(22, 'Brunet', 'Claire', '1995-09-18', 'F'),
(23, 'Elmansouri', 'Hicham', '1990-11-30', 'M'),
(24, 'Popescu', 'Lina', '1996-01-11', 'F'),
(25, 'Giraud', 'Sebastien', '1993-07-07', 'M');

-- --------------------------------------------------------

--
-- Structure de la table `promotion`
--

CREATE TABLE `promotion` (
  `idPromotion` int NOT NULL,
  `nomPromotion` varchar(50) NOT NULL,
  `dateDebutPromotion` date NOT NULL,
  `dateFinPromotion` date NOT NULL,
  `reductionPromotion` int NOT NULL
) ENGINE=InnoDB DEFAULT CHARSET=utf8mb4 COLLATE=utf8mb4_0900_ai_ci;

--
-- Déchargement des données de la table `promotion`
--

INSERT INTO `promotion` (`idPromotion`, `nomPromotion`, `dateDebutPromotion`, `dateFinPromotion`, `reductionPromotion`) VALUES
(1, 'Promo Été 2023', '2023-07-02', '2023-07-31', 10),
(2, 'Promo Hiver 2023', '2023-12-01', '2023-12-31', 15),
(3, 'Promo Printemps 2024', '2024-04-01', '2024-04-30', 20),
(4, 'Promo Automne 2024', '2024-10-01', '2024-10-31', 25),
(5, 'Promo Spéciale Été', '2023-08-01', '2023-08-31', 30),
(6, 'Promo Spéciale Hiver', '2023-11-01', '2023-11-30', 35),
(7, 'Promo Spéciale Printemps', '2024-05-01', '2024-05-31', 40),
(8, 'Promo Spéciale Automne', '2024-09-01', '2024-09-30', 45),
(9, 'Promo Été Flash', '2023-07-15', '2023-07-20', 50),
(10, 'Promo Hiver Flash', '2023-12-15', '2023-12-20', 55),
(11, 'Promo Printemps Flash', '2024-04-15', '2024-04-20', 60),
(12, 'Promo Automne Flash', '2024-10-15', '2024-10-21', 65),
(13, 'Promo Été Mega', '2023-07-01', '2023-07-10', 10),
(14, 'Promo Hiver Mega', '2023-12-01', '2023-12-10', 15),
(15, 'Promo Printemps Mega', '2024-04-01', '2024-04-10', 20),
(16, 'Promo Automne Mega', '2024-10-01', '2024-10-10', 25),
(17, 'Promo Été Super', '2023-07-20', '2023-07-31', 30),
(18, 'Promo Hiver Super', '2023-12-20', '2023-12-31', 35),
(19, 'Promo Printemps Super', '2024-04-20', '2024-04-30', 40),
(20, 'Promo Automne Super', '2024-10-20', '2024-10-31', 45),
(85, '15h07', '2025-05-09', '2025-09-12', 14),
(86, '15h08', '2025-05-09', '2025-05-12', 12),
(87, '15h09', '2025-12-09', '2025-12-12', 1),
(88, '15h10', '2025-02-20', '2025-02-21', 31);

-- --------------------------------------------------------

--
-- Structure de la table `user`
--

CREATE TABLE `user` (
  `idUser` int NOT NULL,
  `emailUser` varchar(50) CHARACTER SET utf8mb4 COLLATE utf8mb4_0900_ai_ci DEFAULT NULL,
  `mdpUser` varchar(255) CHARACTER SET utf8mb4 COLLATE utf8mb4_0900_ai_ci DEFAULT NULL,
  `adresseUser` varchar(50) NOT NULL,
  `roleUser` enum('admin','particulier','entreprise') CHARACTER SET utf8mb4 COLLATE utf8mb4_0900_ai_ci DEFAULT NULL
) ENGINE=InnoDB DEFAULT CHARSET=utf8mb4 COLLATE=utf8mb4_0900_ai_ci;

--
-- Déchargement des données de la table `user`
--

INSERT INTO `user` (`idUser`, `emailUser`, `mdpUser`, `adresseUser`, `roleUser`) VALUES
(1, 'ryles@gmail.com', '123', '12 rue Victor Hugo, Lyon', 'admin'),
(2, 'jean@gmail.com', '123', '98 avenue République, Toulouse', 'admin'),
(3, 'kevin.nguyen@example.com', 'azerty1', '5 rue des Lilas, Paris', 'particulier'),
(4, 'fatou.diop@example.com', 'qwerty2', '42 boulevard Gambetta, Lille', 'particulier'),
(5, 'hugo.morel@example.com', 'motdepasse', '7 place de l’Horloge, Avignon', 'particulier'),
(6, 'zineb.karim@example.com', 'z1n3b!', '31 rue Nationale, Tours', 'particulier'),
(7, 'pierre.lam@example.com', 'lam345', '3 chemin du Lac, Annecy', 'particulier'),
(8, 'leila.ait@example.com', 'leilapass', '76 rue Colbert, Reims', 'particulier'),
(9, 'david.schwarz@example.com', 'passw0rd', '11 rue Mozart, Strasbourg', 'particulier'),
(10, 'meryem.elhadi@example.com', 'mehadi', '19 rue Clémenceau, Dijon', 'particulier'),
(11, 'julien.rossi@example.com', 'jrossi', '24 avenue des Alpes, Grenoble', 'particulier'),
(12, 'hanae.tanaka@example.com', 'tokyo75', '9 rue des Acacias, Paris', 'particulier'),
(13, 'samba.konate@example.com', 'sambapass', '66 rue de Rennes, Rennes', 'particulier'),
(14, 'chloe.meyer@example.com', 'cmeyer8', '102 boulevard Haussmann, Paris', 'particulier'),
(15, 'mehdi.youssef@example.com', 'my1234', '5 rue des Jardins, Montpellier', 'particulier'),
(16, 'ines.dubois@example.com', 'dubines', '1 rue Michelet, Nantes', 'particulier'),
(17, 'karl.hernandez@example.com', 'karlo123', '7 impasse Soleil, Nice', 'particulier'),
(18, 'yasmin.abdi@example.com', 'yas1234', '23 rue Lafayette, Bordeaux', 'particulier'),
(19, 'jean.bako@example.com', 'jbako', '44 rue Croix-Rousse, Lyon', 'particulier'),
(20, 'sarah.fernandez@example.com', 'sfe2025', '28 boulevard Jaurès, Saint-Étienne', 'particulier'),
(21, 'omar.chaoui@example.com', 'oc@2024', '3 rue du Port, Brest', 'particulier'),
(22, 'claire.brunet@example.com', 'clbr12', '22 rue des Vignes, Angers', 'particulier'),
(23, 'hicham.elmansouri@example.com', 'he123', '60 avenue du Midi, Perpignan', 'particulier'),
(24, 'lina.popescu@example.com', 'linapo', '10 rue Sainte-Catherine, Bordeaux', 'particulier'),
(25, 'sebastien.giraud@example.com', 'sgiraud', '18 avenue Mistral, Toulon', 'particulier'),
(26, 'contact@capgemini.com', 'cg2024', '11 rue de Tilsitt, Paris', 'entreprise'),
(27, 'contact@dassault-systemes.com', 'ds3d2024', '10 rue Marcel Dassault, Vélizy', 'entreprise'),
(28, 'info@airbus.com', 'airb1234', '1 rond-point Maurice Bellonte, Blagnac', 'entreprise'),
(29, 'hr@thalesgroup.com', 'thpass', '45 avenue Carnot, Courbevoie', 'entreprise'),
(30, 'contact@ubisoft.com', 'ubi!game', '28 rue Armand Carrel, Montreuil', 'entreprise'),
(31, 'support@ovhcloud.com', 'ovh2024', '2 rue Kellermann, Roubaix', 'entreprise'),
(32, 'recrutement@atos.net', 'atosnet', '80 quai Voltaire, Bezons', 'entreprise'),
(33, 'rh@soprasteria.com', 'sopra22', '9 avenue de l’Europe, Annecy', 'entreprise'),
(34, 'support@orange-business.com', 'obs2024', '78 rue Olivier de Serres, Paris', 'entreprise'),
(35, 'contact@groupeadp.fr', 'adp!@paris', '1 rue de France, Tremblay-en-France', 'entreprise'),
(36, 'siege@carrefour.com', 'carf2024', '93 avenue de Paris, Massy', 'entreprise'),
(37, 'recrutement@lvmh.fr', 'luxury75', '22 avenue Montaigne, Paris', 'entreprise'),
(38, 'contact@renault.fr', 'renault!v', '13 quai Alphonse Le Gallo, Boulogne-Billancourt', 'entreprise'),
(39, 'recrutement@bouyguestelecom.fr', 'btel99', '37-39 rue Boissière, Paris', 'entreprise'),
(40, 'contact@sncf.fr', 'sncftrain', '2 place aux Étoiles, Saint-Denis', 'entreprise'),
(41, 'rh@edf.fr', 'edf2024', '1 avenue du Général de Gaulle, Courbevoie', 'entreprise'),
(42, 'support@veolia.com', 'veo!2024', '30 rue Madeleine Vionnet, Aubervilliers', 'entreprise'),
(43, 'contact@danone.com', 'danone21', '15 rue du Helder, Paris', 'entreprise'),
(44, 'recrutement@accor.com', 'accor2024', '82 rue Henri Farman, Issy-les-Moulineaux', 'entreprise'),
(45, 'rh@engie.com', 'engie75', '1 place Samuel de Champlain, La Défense', 'entreprise'),
(46, 'info@laposte.fr', 'poste2025', '9 rue du Colonel Pierre Avia, Paris', 'entreprise'),
(47, 'info@cmacgm.com', 'cma2024', '4 quai d’Arenc, Marseille', 'entreprise'),
(48, 'contact@bnpparibas.com', 'bnpbank', '16 boulevard des Italiens, Paris', 'entreprise'),
(49, 'recrutement@societegenerale.fr', 'sgbank', '29 boulevard Haussmann, Paris', 'entreprise'),
(50, 'support@credit-agricole.fr', 'credagri', '12 place des États-Unis, Montrouge', 'entreprise');

--
-- Déclencheurs `user`
--
DELIMITER $$
CREATE TRIGGER `tInsertArchive` BEFORE DELETE ON `user` FOR EACH ROW BEGIN
    INSERT INTO archiveCommande
    SELECT c.idCommande, c.dateCommande, c.statutCommande, c.dateLivraisonCommande, c.idUser, NOW()
    FROM commande c
    WHERE c.idUser = OLD.idUser;

    INSERT INTO archiveLigneCommande
    SELECT lc.idLigneCommande, lc.idCommande, lc.idLivre, lc.quantiteLigneCommande, NOW()
    FROM ligneCommande lc
    JOIN commande c ON lc.idCommande = c.idCommande
    WHERE c.idUser = OLD.idUser;

    DELETE FROM ligneCommande
    WHERE idCommande IN (SELECT idCommande FROM commande WHERE idUser = OLD.idUser);

    DELETE FROM commande
    WHERE idUser = OLD.idUser;
END
$$
DELIMITER ;

-- --------------------------------------------------------

--
-- Doublure de structure pour la vue `vcommandesenattente`
-- (Voir ci-dessous la vue réelle)
--
CREATE TABLE `vcommandesenattente` (
`nbCommandeEnAttente` bigint
);

-- --------------------------------------------------------

--
-- Doublure de structure pour la vue `vlivresenstock`
-- (Voir ci-dessous la vue réelle)
--
CREATE TABLE `vlivresenstock` (
`exemplaireLivre` int
,`idLivre` int
,`nomLivre` varchar(50)
,`prixLivre` float(10,2)
);

-- --------------------------------------------------------

--
-- Doublure de structure pour la vue `vlivresmieuxnotes`
-- (Voir ci-dessous la vue réelle)
--
CREATE TABLE `vlivresmieuxnotes` (
`idLivre` int
,`nomLivre` varchar(50)
,`noteMoyenne` decimal(6,2)
);

-- --------------------------------------------------------

--
-- Doublure de structure pour la vue `vmeilleuresventes`
-- (Voir ci-dessous la vue réelle)
--
CREATE TABLE `vmeilleuresventes` (
`idLivre` int
,`nomLivre` varchar(50)
,`totalVendu` decimal(32,0)
);

-- --------------------------------------------------------

--
-- Doublure de structure pour la vue `vmeilleursavis`
-- (Voir ci-dessous la vue réelle)
--
CREATE TABLE `vmeilleursavis` (
`idLivre` int
,`moyenneNote` decimal(7,4)
,`nomLivre` varchar(50)
);

-- --------------------------------------------------------

--
-- Doublure de structure pour la vue `vnblivreacheteuser`
-- (Voir ci-dessous la vue réelle)
--
CREATE TABLE `vnblivreacheteuser` (
`emailUser` varchar(50)
,`nbLivreAchete` decimal(32,0)
);

-- --------------------------------------------------------

--
-- Doublure de structure pour la vue `vtotalcommandeenattente`
-- (Voir ci-dessous la vue réelle)
--
CREATE TABLE `vtotalcommandeenattente` (
`idUser` int
,`totalCommande` double(19,2)
);

-- --------------------------------------------------------

--
-- Doublure de structure pour la vue `vtotalcommandeexpediee`
-- (Voir ci-dessous la vue réelle)
--
CREATE TABLE `vtotalcommandeexpediee` (
`idUser` int
,`totalCommande` double(19,2)
);

-- --------------------------------------------------------

--
-- Doublure de structure pour la vue `vtotallivre`
-- (Voir ci-dessous la vue réelle)
--
CREATE TABLE `vtotallivre` (
`idCommande` int
,`idUser` int
,`nomLivre` varchar(50)
,`prixLivre` float(10,2)
,`quantiteLigneCommande` int
,`totalLivre` double(22,2)
);

-- --------------------------------------------------------

--
-- Doublure de structure pour la vue `vtotallivreenattente`
-- (Voir ci-dessous la vue réelle)
--
CREATE TABLE `vtotallivreenattente` (
`idCommande` int
,`idLigneCommande` int
,`idLivre` int
,`idUser` int
,`nomLivre` varchar(50)
,`prixLivre` float(10,2)
,`quantiteLigneCommande` int
,`totalLivre` double(22,2)
);

-- --------------------------------------------------------

--
-- Doublure de structure pour la vue `vtotallivreexpediee`
-- (Voir ci-dessous la vue réelle)
--
CREATE TABLE `vtotallivreexpediee` (
`idCommande` int
,`idLivre` int
,`idUser` int
,`nomLivre` varchar(50)
,`prixLivre` float(10,2)
,`quantiteLigneCommande` int
,`totalLivre` double(22,2)
);

-- --------------------------------------------------------

--
-- Structure de la vue `vcommandesenattente`
--
DROP TABLE IF EXISTS `vcommandesenattente`;

CREATE ALGORITHM=UNDEFINED DEFINER=`root`@`localhost` SQL SECURITY DEFINER VIEW `vcommandesenattente`  AS SELECT count(`c`.`idCommande`) AS `nbCommandeEnAttente` FROM `commande` AS `c` WHERE (`c`.`statutCommande` = 'en attente') ;

-- --------------------------------------------------------

--
-- Structure de la vue `vlivresenstock`
--
DROP TABLE IF EXISTS `vlivresenstock`;

CREATE ALGORITHM=UNDEFINED DEFINER=`root`@`localhost` SQL SECURITY DEFINER VIEW `vlivresenstock`  AS SELECT `l`.`idLivre` AS `idLivre`, `l`.`nomLivre` AS `nomLivre`, `l`.`prixLivre` AS `prixLivre`, `l`.`exemplaireLivre` AS `exemplaireLivre` FROM `livre` AS `l` WHERE (`l`.`exemplaireLivre` <= 5) ;

-- --------------------------------------------------------

--
-- Structure de la vue `vlivresmieuxnotes`
--
DROP TABLE IF EXISTS `vlivresmieuxnotes`;

CREATE ALGORITHM=UNDEFINED DEFINER=`root`@`localhost` SQL SECURITY DEFINER VIEW `vlivresmieuxnotes`  AS SELECT `a`.`idLivre` AS `idLivre`, max(`l`.`nomLivre`) AS `nomLivre`, round(avg(`a`.`noteAvis`),2) AS `noteMoyenne` FROM (`avis` `a` join `livre` `l` on((`a`.`idLivre` = `l`.`idLivre`))) GROUP BY `a`.`idLivre` ORDER BY `noteMoyenne` DESC ;

-- --------------------------------------------------------

--
-- Structure de la vue `vmeilleuresventes`
--
DROP TABLE IF EXISTS `vmeilleuresventes`;

CREATE ALGORITHM=UNDEFINED DEFINER=`root`@`localhost` SQL SECURITY DEFINER VIEW `vmeilleuresventes`  AS SELECT `l`.`idLivre` AS `idLivre`, `l`.`nomLivre` AS `nomLivre`, sum(`li`.`quantiteLigneCommande`) AS `totalVendu` FROM (`lignecommande` `li` join `livre` `l` on((`li`.`idLivre` = `l`.`idLivre`))) GROUP BY `l`.`idLivre`, `l`.`nomLivre` ORDER BY `totalVendu` DESC ;

-- --------------------------------------------------------

--
-- Structure de la vue `vmeilleursavis`
--
DROP TABLE IF EXISTS `vmeilleursavis`;

CREATE ALGORITHM=UNDEFINED DEFINER=`root`@`localhost` SQL SECURITY DEFINER VIEW `vmeilleursavis`  AS SELECT `l`.`idLivre` AS `idLivre`, `l`.`nomLivre` AS `nomLivre`, avg(`a`.`noteAvis`) AS `moyenneNote` FROM (`avis` `a` join `livre` `l` on((`a`.`idLivre` = `l`.`idLivre`))) GROUP BY `l`.`idLivre`, `l`.`nomLivre` ORDER BY `moyenneNote` DESC ;

-- --------------------------------------------------------

--
-- Structure de la vue `vnblivreacheteuser`
--
DROP TABLE IF EXISTS `vnblivreacheteuser`;

CREATE ALGORITHM=UNDEFINED DEFINER=`root`@`localhost` SQL SECURITY DEFINER VIEW `vnblivreacheteuser`  AS SELECT `u`.`emailUser` AS `emailUser`, sum(`l`.`quantiteLigneCommande`) AS `nbLivreAchete` FROM ((`lignecommande` `l` join `commande` `c` on((`l`.`idCommande` = `c`.`idCommande`))) join `user` `u` on((`c`.`idUser` = `u`.`idUser`))) WHERE (`c`.`statutCommande` = 'expédiée') GROUP BY `u`.`emailUser` ;

-- --------------------------------------------------------

--
-- Structure de la vue `vtotalcommandeenattente`
--
DROP TABLE IF EXISTS `vtotalcommandeenattente`;

CREATE ALGORITHM=UNDEFINED DEFINER=`root`@`localhost` SQL SECURITY DEFINER VIEW `vtotalcommandeenattente`  AS SELECT `c`.`idUser` AS `idUser`, sum((`l`.`prixLivre` * `li`.`quantiteLigneCommande`)) AS `totalCommande` FROM ((`commande` `c` join `lignecommande` `li` on((`c`.`idCommande` = `li`.`idCommande`))) join `livre` `l` on((`li`.`idLivre` = `l`.`idLivre`))) WHERE (`c`.`statutCommande` = 'en attente') GROUP BY `c`.`idUser` ;

-- --------------------------------------------------------

--
-- Structure de la vue `vtotalcommandeexpediee`
--
DROP TABLE IF EXISTS `vtotalcommandeexpediee`;

CREATE ALGORITHM=UNDEFINED DEFINER=`root`@`localhost` SQL SECURITY DEFINER VIEW `vtotalcommandeexpediee`  AS SELECT `c`.`idUser` AS `idUser`, sum((`l`.`prixLivre` * `li`.`quantiteLigneCommande`)) AS `totalCommande` FROM ((`commande` `c` join `lignecommande` `li` on((`c`.`idCommande` = `li`.`idCommande`))) join `livre` `l` on((`li`.`idLivre` = `l`.`idLivre`))) WHERE (`c`.`statutCommande` = 'expédiée') GROUP BY `c`.`idUser` ;

-- --------------------------------------------------------

--
-- Structure de la vue `vtotallivre`
--
DROP TABLE IF EXISTS `vtotallivre`;

CREATE ALGORITHM=UNDEFINED DEFINER=`root`@`localhost` SQL SECURITY DEFINER VIEW `vtotallivre`  AS SELECT `li`.`idCommande` AS `idCommande`, `c`.`idUser` AS `idUser`, `l`.`nomLivre` AS `nomLivre`, `l`.`prixLivre` AS `prixLivre`, `li`.`quantiteLigneCommande` AS `quantiteLigneCommande`, (`l`.`prixLivre` * `li`.`quantiteLigneCommande`) AS `totalLivre` FROM ((`livre` `l` join `lignecommande` `li` on((`l`.`idLivre` = `li`.`idLivre`))) join `commande` `c` on((`c`.`idCommande` = `li`.`idCommande`))) ;

-- --------------------------------------------------------

--
-- Structure de la vue `vtotallivreenattente`
--
DROP TABLE IF EXISTS `vtotallivreenattente`;

CREATE ALGORITHM=UNDEFINED DEFINER=`root`@`localhost` SQL SECURITY DEFINER VIEW `vtotallivreenattente`  AS SELECT `li`.`idLivre` AS `idLivre`, `li`.`idCommande` AS `idCommande`, `li`.`idLigneCommande` AS `idLigneCommande`, `c`.`idUser` AS `idUser`, `l`.`nomLivre` AS `nomLivre`, `l`.`prixLivre` AS `prixLivre`, `li`.`quantiteLigneCommande` AS `quantiteLigneCommande`, (`l`.`prixLivre` * `li`.`quantiteLigneCommande`) AS `totalLivre` FROM ((`livre` `l` join `lignecommande` `li` on((`l`.`idLivre` = `li`.`idLivre`))) join `commande` `c` on((`c`.`idCommande` = `li`.`idCommande`))) WHERE (`c`.`statutCommande` = 'en attente') ;

-- --------------------------------------------------------

--
-- Structure de la vue `vtotallivreexpediee`
--
DROP TABLE IF EXISTS `vtotallivreexpediee`;

CREATE ALGORITHM=UNDEFINED DEFINER=`root`@`localhost` SQL SECURITY DEFINER VIEW `vtotallivreexpediee`  AS SELECT `li`.`idCommande` AS `idCommande`, `c`.`idUser` AS `idUser`, `l`.`idLivre` AS `idLivre`, `l`.`nomLivre` AS `nomLivre`, `l`.`prixLivre` AS `prixLivre`, `li`.`quantiteLigneCommande` AS `quantiteLigneCommande`, (`l`.`prixLivre` * `li`.`quantiteLigneCommande`) AS `totalLivre` FROM ((`livre` `l` join `lignecommande` `li` on((`l`.`idLivre` = `li`.`idLivre`))) join `commande` `c` on((`c`.`idCommande` = `li`.`idCommande`))) WHERE (`c`.`statutCommande` = 'expédiée') ;

--
-- Index pour les tables déchargées
--

--
-- Index pour la table `abonnement`
--
ALTER TABLE `abonnement`
  ADD PRIMARY KEY (`idAbonnement`),
  ADD KEY `idUser` (`idUser`);

--
-- Index pour la table `admin`
--
ALTER TABLE `admin`
  ADD PRIMARY KEY (`idAdmin`),
  ADD KEY `idUser` (`idUser`);

--
-- Index pour la table `archiveCommande`
--
ALTER TABLE `archiveCommande`
  ADD PRIMARY KEY (`idCommande`,`date_archivage`),
  ADD KEY `idx_user` (`idUser`),
  ADD KEY `idx_date_archivage` (`date_archivage`);

--
-- Index pour la table `archiveLigneCommande`
--
ALTER TABLE `archiveLigneCommande`
  ADD PRIMARY KEY (`idLigneCommande`,`date_archivage`),
  ADD KEY `idx_commande` (`idCommande`),
  ADD KEY `idx_date_archivage` (`date_archivage`),
  ADD KEY `fk_idLivre_archivelignecommande` (`idLivre`);

--
-- Index pour la table `avis`
--
ALTER TABLE `avis`
  ADD PRIMARY KEY (`idAvis`),
  ADD KEY `idLivre` (`idLivre`),
  ADD KEY `idUser` (`idUser`);

--
-- Index pour la table `categorie`
--
ALTER TABLE `categorie`
  ADD PRIMARY KEY (`idCategorie`);

--
-- Index pour la table `commande`
--
ALTER TABLE `commande`
  ADD PRIMARY KEY (`idCommande`),
  ADD KEY `fk_c` (`idUser`);

--
-- Index pour la table `entreprise`
--
ALTER TABLE `entreprise`
  ADD PRIMARY KEY (`idUser`);

--
-- Index pour la table `ligneCommande`
--
ALTER TABLE `ligneCommande`
  ADD PRIMARY KEY (`idLigneCommande`),
  ADD KEY `idCommande` (`idCommande`),
  ADD KEY `idLivre` (`idLivre`);

--
-- Index pour la table `livre`
--
ALTER TABLE `livre`
  ADD PRIMARY KEY (`idLivre`),
  ADD KEY `idCategorie` (`idCategorie`),
  ADD KEY `idMaisonEdition` (`idMaisonEdition`),
  ADD KEY `fk_idPromotion` (`idPromotion`);

--
-- Index pour la table `maisonEdition`
--
ALTER TABLE `maisonEdition`
  ADD PRIMARY KEY (`idMaisonEdition`);

--
-- Index pour la table `particulier`
--
ALTER TABLE `particulier`
  ADD PRIMARY KEY (`idUser`);

--
-- Index pour la table `promotion`
--
ALTER TABLE `promotion`
  ADD PRIMARY KEY (`idPromotion`);

--
-- Index pour la table `user`
--
ALTER TABLE `user`
  ADD PRIMARY KEY (`idUser`);

--
-- AUTO_INCREMENT pour les tables déchargées
--

--
-- AUTO_INCREMENT pour la table `abonnement`
--
ALTER TABLE `abonnement`
  MODIFY `idAbonnement` int NOT NULL AUTO_INCREMENT, AUTO_INCREMENT=61;

--
-- AUTO_INCREMENT pour la table `admin`
--
ALTER TABLE `admin`
  MODIFY `idAdmin` int NOT NULL AUTO_INCREMENT, AUTO_INCREMENT=3;

--
-- AUTO_INCREMENT pour la table `avis`
--
ALTER TABLE `avis`
  MODIFY `idAvis` int NOT NULL AUTO_INCREMENT, AUTO_INCREMENT=42;

--
-- AUTO_INCREMENT pour la table `categorie`
--
ALTER TABLE `categorie`
  MODIFY `idCategorie` int NOT NULL AUTO_INCREMENT, AUTO_INCREMENT=7;

--
-- AUTO_INCREMENT pour la table `commande`
--
ALTER TABLE `commande`
  MODIFY `idCommande` int NOT NULL AUTO_INCREMENT, AUTO_INCREMENT=535;

--
-- AUTO_INCREMENT pour la table `entreprise`
--
ALTER TABLE `entreprise`
  MODIFY `idUser` int NOT NULL AUTO_INCREMENT, AUTO_INCREMENT=71;

--
-- AUTO_INCREMENT pour la table `ligneCommande`
--
ALTER TABLE `ligneCommande`
  MODIFY `idLigneCommande` int NOT NULL AUTO_INCREMENT, AUTO_INCREMENT=923;

--
-- AUTO_INCREMENT pour la table `livre`
--
ALTER TABLE `livre`
  MODIFY `idLivre` int NOT NULL AUTO_INCREMENT, AUTO_INCREMENT=70;

--
-- AUTO_INCREMENT pour la table `maisonEdition`
--
ALTER TABLE `maisonEdition`
  MODIFY `idMaisonEdition` int NOT NULL AUTO_INCREMENT, AUTO_INCREMENT=12;

--
-- AUTO_INCREMENT pour la table `particulier`
--
ALTER TABLE `particulier`
  MODIFY `idUser` int NOT NULL AUTO_INCREMENT, AUTO_INCREMENT=70;

--
-- AUTO_INCREMENT pour la table `promotion`
--
ALTER TABLE `promotion`
  MODIFY `idPromotion` int NOT NULL AUTO_INCREMENT, AUTO_INCREMENT=91;

--
-- AUTO_INCREMENT pour la table `user`
--
ALTER TABLE `user`
  MODIFY `idUser` int NOT NULL AUTO_INCREMENT, AUTO_INCREMENT=71;

--
-- Contraintes pour les tables déchargées
--

--
-- Contraintes pour la table `abonnement`
--
ALTER TABLE `abonnement`
  ADD CONSTRAINT `abonnement_ibfk_1` FOREIGN KEY (`idUser`) REFERENCES `user` (`idUser`) ON DELETE CASCADE;

--
-- Contraintes pour la table `admin`
--
ALTER TABLE `admin`
  ADD CONSTRAINT `admin_ibfk_1` FOREIGN KEY (`idUser`) REFERENCES `user` (`idUser`);

--
-- Contraintes pour la table `archiveLigneCommande`
--
ALTER TABLE `archiveLigneCommande`
  ADD CONSTRAINT `fk_idLivre_archivelignecommande` FOREIGN KEY (`idLivre`) REFERENCES `livre` (`idLivre`);

--
-- Contraintes pour la table `avis`
--
ALTER TABLE `avis`
  ADD CONSTRAINT `avis_ibfk_1` FOREIGN KEY (`idLivre`) REFERENCES `livre` (`idLivre`) ON DELETE CASCADE,
  ADD CONSTRAINT `avis_ibfk_2` FOREIGN KEY (`idUser`) REFERENCES `user` (`idUser`) ON DELETE CASCADE;

--
-- Contraintes pour la table `commande`
--
ALTER TABLE `commande`
  ADD CONSTRAINT `fk_c` FOREIGN KEY (`idUser`) REFERENCES `user` (`idUser`);

--
-- Contraintes pour la table `entreprise`
--
ALTER TABLE `entreprise`
  ADD CONSTRAINT `entreprise_ibfk_1` FOREIGN KEY (`idUser`) REFERENCES `user` (`idUser`);

--
-- Contraintes pour la table `ligneCommande`
--
ALTER TABLE `ligneCommande`
  ADD CONSTRAINT `lignecommande_ibfk_1` FOREIGN KEY (`idCommande`) REFERENCES `commande` (`idCommande`) ON DELETE CASCADE,
  ADD CONSTRAINT `lignecommande_ibfk_2` FOREIGN KEY (`idLivre`) REFERENCES `livre` (`idLivre`) ON DELETE CASCADE;

--
-- Contraintes pour la table `livre`
--
ALTER TABLE `livre`
  ADD CONSTRAINT `fk_idPromotion` FOREIGN KEY (`idPromotion`) REFERENCES `promotion` (`idPromotion`) ON DELETE SET NULL,
  ADD CONSTRAINT `livre_ibfk_1` FOREIGN KEY (`idCategorie`) REFERENCES `categorie` (`idCategorie`) ON DELETE SET NULL,
  ADD CONSTRAINT `livre_ibfk_2` FOREIGN KEY (`idMaisonEdition`) REFERENCES `maisonEdition` (`idMaisonEdition`) ON DELETE SET NULL;

--
-- Contraintes pour la table `particulier`
--
ALTER TABLE `particulier`
  ADD CONSTRAINT `particulier_ibfk_1` FOREIGN KEY (`idUser`) REFERENCES `user` (`idUser`);

DELIMITER $$
--
-- Évènements
--
CREATE DEFINER=`root`@`localhost` EVENT `eUpdateStatutCommande` ON SCHEDULE EVERY 1 DAY STARTS '2025-05-04 00:00:00' ON COMPLETION NOT PRESERVE ENABLE DO BEGIN
    UPDATE commande
    SET statutCommande = 'arrivée'
    WHERE statutCommande = 'expédiée'
    AND dateLivraisonCommande < CURDATE();
END$$

DELIMITER ;
COMMIT;

/*!40101 SET CHARACTER_SET_CLIENT=@OLD_CHARACTER_SET_CLIENT */;
/*!40101 SET CHARACTER_SET_RESULTS=@OLD_CHARACTER_SET_RESULTS */;
/*!40101 SET COLLATION_CONNECTION=@OLD_COLLATION_CONNECTION */;
